13223.0,-1.5471826171875,-9.576036529541016,-0.02155517578125,984.0809631347656
13293.0,-1.5239808654785156,-9.736652526855469,-0.27737319946289063,984.0809631347656
13426.0,-1.026415557861328,-11.006162567138672,-2.049238586425781,984.0809631347656
13489.0,-0.11541000366210938,-12.52729934692383,-2.7563681030273437,984.0809631347656
13635.0,0.4201762390136719,-9.478289794921876,-4.571194152832032,984.0809631347656
13758.0,-0.11301498413085938,-5.504802703857422,-5.401966552734375,984.0809631347656
13862.0,-0.2221380615234375,-4.079915771484375,-6.578819274902344,984.0809631347656
13892.0,-0.05134323120117188,-3.554059295654297,-6.7106950378417976,984.0809631347656
13990.0,-0.661025390625,-2.950963439941406,-7.175029449462891,984.0809631347656
14092.0,-0.08652008056640625,-4.316573638916016,-8.750952301025391,984.0809631347656
14159.0,0.012723541259765625,-0.9295669555664063,-6.57911865234375,984.0809631347656
14262.0,-3.2706985473632812,-7.983498229980469,-7.818541259765626,984.0809631347656
14296.0,-0.012873229980468751,-7.5538916015625,-3.656147003173828,984.0809631347656
14388.0,-1.3078303527832031,-9.652078399658203,-3.081042938232422,984.0809631347656
14432.0,-0.7420069885253907,-9.964478759765626,-2.4815396118164066,984.0809631347656
14492.0,1.52083740234375,-8.25278823852539,-1.357676696777344,984.0809631347656
14637.0,1.2677137756347656,-9.114097137451173,-2.057022399902344,984.0809631347656
14759.0,1.174457702636719,-9.493857421875001,-1.7151333618164064,984.0809631347656
14825.0,0.4355941772460938,-11.78873519897461,1.317111053466797,984.0809631347656
14959.0,0.37931121826171876,-13.75789031982422,-6.836882629394531,984.0809631347656
15025.0,1.3013937377929687,-14.705719299316407,1.1235635375976563,984.0809631347656
15092.0,0.45759841918945315,-15.736775207519532,-1.0289602661132813,984.8273468017578
15154.0,-0.3155438232421875,-9.166787567138673,-2.1742286682128906,984.8273468017578
15292.0,-1.2588821411132813,-2.275118865966797,-2.2400917053222655,984.8273468017578
15359.0,0.3782633972167969,-3.4590069580078127,-4.767585754394531,984.8273468017578
15426.0,1.5905923461914064,-5.038971405029297,-7.398065643310547,984.8273468017578
15492.0,2.305355987548828,-4.393663330078125,-11.80879348754883,984.8273468017578
15633.0,-0.5110372924804688,-12.988340606689453,-2.6479934692382816,984.8273468017578
15754.0,-0.40430923461914064,-9.01440444946289,-1.0686277770996093,984.8273468017578
15826.0,2.145787811279297,-10.252629547119142,-0.26689498901367187,984.8273468017578
15925.0,0.6728507995605469,-8.599766693115235,-0.8414002990722657,984.8273468017578
15966.0,1.4768289184570313,-9.64998275756836,-0.552052001953125,984.8273468017578
16092.0,-2.3143373107910157,-8.632847900390626,0.16705261230468751,984.8273468017578
16192.0,-2.0341200256347656,-11.88214096069336,2.8060647583007814,984.8273468017578
16234.0,0.6782395935058594,-15.81431396484375,-3.1331346130371096,984.8273468017578
16321.0,-1.206042022705078,-12.611424407958985,-3.0970596313476566,984.8273468017578
16362.0,0.7098239135742188,-14.07642791748047,0.6834786987304687,984.8273468017578
16426.0,0.9819580078125001,-15.206727447509767,-0.28351043701171874,984.8273468017578
16492.0,-1.2627740478515626,-9.951605529785157,-1.389111328125,984.8273468017578
16637.0,-2.442021789550781,-2.6120681762695312,-0.9500743103027344,984.8273468017578
16754.0,1.3563294982910157,-3.5139427185058594,-5.252876586914063,984.8273468017578
16826.0,2.5643174743652346,-6.323450317382813,-6.618187408447266,984.8273468017578
16926.0,-1.3820759582519533,-1.0509645080566408,3.583547973632813,984.8273468017578
16966.0,0.5144801330566406,-14.879956970214845,-4.318818969726562,984.8273468017578
17093.0,-1.3870156860351563,-9.941576385498047,0.15103591918945314,984.8273468017578
17159.0,1.1787986755371094,-10.840457153320314,-1.0132429504394531,984.8273468017578
17292.0,1.949396209716797,-9.01769760131836,0.7358697509765625,984.8273468017578
17359.0,0.3415896606445313,-9.457782440185547,-1.093176727294922,984.8273468017578
17426.0,-0.6074368286132813,-9.785001983642578,-0.046403503417968756,984.8273468017578
17492.0,-0.9457333374023438,-12.169692993164062,0.5403762817382812,984.8273468017578
17637.0,-0.197589111328125,-12.716655578613281,-3.842958526611328,984.8273468017578
17759.0,-1.5280224609375002,-13.843362579345705,-1.8384768676757814,984.8273468017578
17826.0,-0.3231779479980469,-5.839656372070313,0.125738525390625,984.8273468017578
17926.0,-1.213077392578125,-2.5602758789062503,-1.6774118041992188,984.8255157470703
17967.0,0.3718267822265625,-2.884351959228516,-2.5032444763183594,984.8255157470703
18062.0,1.6191828918457032,-2.762205963134766,-4.849315795898438,984.8255157470703
18102.0,2.192191314697266,-5.341043243408204,-5.725294189453125,984.8255157470703
18165.0,0.7168592834472657,-4.956343231201172,-6.708000640869141,984.8255157470703
18292.0,-1.472787322998047,-14.659166107177736,-4.787793731689454,984.8255157470703
18359.0,2.0950433349609376,-7.942184143066407,-2.4566912841796875,984.8255157470703
18426.0,1.6434324645996095,-9.758806457519531,0.03682342529296875,984.8255157470703
18493.0,2.940634918212891,-10.197693786621095,-1.0041119384765627,984.8255157470703
18637.0,2.3141876220703126,-9.257798309326173,-0.25956024169921876,984.8255157470703
18759.0,-0.9160949707031251,-9.745035095214844,-1.5320640563964845,984.8255157470703
18826.0,-1.2207115173339844,-9.169032897949219,0.8961863708496094,984.8255157470703
18924.0,-0.5568420410156251,-13.077106018066408,0.9301657104492188,984.5844268798828
19047.0,-1.5759228515625001,-11.18040023803711,-1.465751953125,984.5844268798828
19160.0,-1.0791059875488282,-11.181747436523438,-0.027991790771484375,984.5844268798828
19264.0,0.25462051391601564,-9.907597045898438,-1.01788330078125,984.5844268798828
19292.0,1.1951147460937501,-9.285341033935547,-0.8719367980957031,984.5844268798828
19436.0,-0.28755203247070316,-6.346352691650391,-2.382146301269531,984.5844268798828
19492.0,0.1646575927734375,-5.375022583007813,-3.3858091735839846,984.5844268798828
19637.0,0.8497828674316407,-8.420589294433594,-4.258494415283203,984.5844268798828
19754.0,1.2766950988769532,-5.991889801025391,-2.6198519897460937,984.5844268798828
19826.0,-2.7635531616210938,-22.436243591308596,-6.969357147216797,983.9681243896484
19959.0,-0.47675857543945316,-10.011930084228515,-1.8688636779785157,983.9681243896484
20035.0,-0.36823425292968753,-10.517877960205078,0.9059161376953125,983.9681243896484
20091.0,0.4117936706542969,-8.919651489257813,-0.6328839111328125,983.9681243896484
20200.0,-0.7256909179687501,-9.854307861328126,-0.3062631225585938,983.9681243896484
20224.0,-0.8198451232910157,-9.587861938476562,0.12409194946289064,983.9681243896484
20290.0,-0.9523196411132813,-9.887389068603516,0.28740234375,983.9681243896484
20359.0,-1.2091854858398439,-9.703870697021484,-0.162861328125,983.9681243896484
20425.0,-1.6688795471191407,-9.53502182006836,0.9174421691894532,983.9681243896484
20492.0,-0.9210346984863281,-10.111622772216798,0.6810836791992188,983.9681243896484
20637.0,-0.8193960571289063,-9.827513580322266,-0.06915618896484375,983.9681243896484
20759.0,-1.88967041015625,-9.389524383544922,0.3237767028808594,983.780517578125
20910.0,-2.3466700744628906,-9.483379211425781,0.03382965087890625,983.780517578125
20954.0,-1.9037411499023438,-9.568851470947266,0.5164260864257812,983.780517578125
21059.0,-2.242786102294922,-9.531429290771484,0.28575576782226564,983.780517578125
21183.0,-2.0507354736328125,-9.626781005859376,0.30416748046875003,983.780517578125
21230.0,-1.7944683837890625,-9.59923828125,0.4860392761230469,983.780517578125
21292.0,-2.022743682861328,-9.567354583740235,0.40730300903320316,983.780517578125
21359.0,-1.8977536010742189,-9.474846954345704,0.610580291748047,983.780517578125
21422.0,-2.0185523986816407,-9.579629058837892,0.3932322692871094,983.780517578125
21492.0,-1.9884649658203126,-9.52783676147461,0.5099894714355468,983.780517578125
21637.0,-1.8402731323242187,-9.596843261718751,0.43484573364257817,983.780517578125
21759.0,-1.8874250793457032,-9.564959564208985,0.47690826416015625,983.5018157958984
21909.0,-1.8456619262695313,-9.568252716064453,0.42616378784179687,983.5018157958984
22051.0,-1.7621356201171876,-9.60732147216797,0.42960662841796876,983.5018157958984
22093.0,-1.8119819641113282,-9.586365051269532,0.5044509887695313,983.5018157958984
22159.0,-1.9017951965332032,-9.629325714111328,0.48693740844726563,983.5018157958984
22292.0,-1.9227516174316408,-9.531429290771484,0.6240522766113281,983.5018157958984
22359.0,-2.2305116271972656,-9.417516174316408,0.5433700561523438,983.5018157958984
22426.0,-1.968556365966797,-9.598190460205078,0.760269012451172,983.5018157958984
22492.0,-2.2170396423339844,-9.421707458496094,0.5417234802246094,983.5018157958984
22633.0,-2.1845571899414065,-9.434580688476563,0.8159532165527345,983.5018157958984
22759.0,-2.228565673828125,-9.437724151611329,0.8105644226074219,983.5018157958984
22907.0,-2.161505126953125,-9.404193878173828,0.8397537231445313,983.5018157958984
22959.0,-2.08845703125,-9.38323745727539,0.6929090881347657,983.5018157958984
23062.0,-1.5512242126464844,-10.473121032714845,-0.7758366394042969,983.5018157958984
23102.0,-0.6349795532226563,-10.009834442138672,-0.9361532592773438,983.5018157958984
23162.0,0.6015989685058594,-11.962374114990235,-1.2964540100097657,983.5018157958984
23230.0,-2.442321166992188,-11.881542205810547,-1.6880397033691408,983.5018157958984
23292.0,0.15717315673828125,-8.574469299316407,-2.868035888671875,983.5018157958984
23359.0,2.2830523681640624,-7.113507385253906,-3.339555358886719,983.5018157958984
23426.0,2.3963667297363282,-6.0201809692382815,-4.538262634277344,983.5018157958984
23492.0,0.7771838378906251,-5.757626953125,-4.658013610839844,983.5018157958984
23638.0,-0.9273216247558594,-8.841214599609376,-5.702840881347656,983.6555480957031
23690.0,-3.810027008056641,-6.631060638427734,-6.902745666503907,983.6555480957031
23791.0,-8.246651000976563,1.5926879882812501,4.839436340332031,983.6555480957031
23828.0,1.6331039428710938,-13.37813003540039,4.790488128662109,983.6555480957031
23927.0,-1.6353492736816406,-9.104217681884766,0.8158035278320312,983.6555480957031
23958.0,-0.22887405395507815,-9.474397888183594,0.6173162841796875,983.6555480957031
24094.0,0.219144287109375,-8.627459106445313,-0.04056564331054688,983.6555480957031
24160.0,-1.436862030029297,-9.528285827636719,-0.020806732177734377,983.6555480957031
24293.0,0.9801617431640626,-11.25464584350586,-0.4712200927734375,983.6555480957031
24354.0,3.5224749755859377,-14.156212005615235,-1.1178753662109375,983.6555480957031
24426.0,-1.2160711669921875,-11.379037170410157,-0.6533912658691406,983.6555480957031
24505.0,-3.976630554199219,-13.973741455078125,3.1998957824707035,983.7210083007812
24553.0,-2.3305036926269533,-13.920152893066406,-0.3725752258300781,983.7210083007812
24659.0,-0.9990225219726563,-6.218668212890625,2.2174887084960937,983.7210083007812
24735.0,-3.962410125732422,-4.118834838867188,-0.8819659423828126,983.7210083007812
24763.0,-3.143612823486328,-3.643573150634766,-2.2085073852539066,983.7210083007812
24826.0,0.09175918579101563,-5.912405090332031,-2.737357635498047,983.7210083007812
24909.0,2.605631561279297,-15.912210388183594,-9.175918579101562,983.7210083007812
24987.0,-4.830005950927735,-15.286062469482422,-4.493954772949219,983.7210083007812
25058.0,-4.326902160644531,2.0242405700683594,7.943082275390625,983.7210083007812
25091.0,2.3580464172363285,-8.826994171142578,6.741081848144532,983.7210083007812
25159.0,0.41763153076171877,-9.947863311767579,-1.3768368530273438,983.7210083007812
25293.0,-0.7773335266113282,-8.616232452392579,-0.9141490173339845,983.7210083007812
25359.0,-0.3585044860839844,-8.482410736083985,0.4535568237304688,983.7210083007812
25426.0,-2.1357586669921877,-9.904902648925782,-0.7792794799804688,983.7210083007812
25492.0,0.6831793212890626,-11.374247131347657,-0.25761428833007816,983.8400268554688
25637.0,0.08487350463867188,-11.964320068359376,-3.0566436767578127,983.8400268554688
25759.0,1.3064831542968751,-14.711407470703126,-1.064436492919922,983.8400268554688
25909.0,-3.501069488525391,-7.51796630859375,0.5387297058105469,983.8400268554688
25952.0,-4.911885681152344,-5.139562225341797,-0.4891827392578125,983.8400268554688
26026.0,-2.1559666442871093,-4.296814727783203,-2.0145108032226564,983.8400268554688
26092.0,2.584076385498047,-8.909023590087891,-8.937464447021485,983.8400268554688
26192.0,-4.605921936035156,-8.320148162841797,-7.070097656250001,983.8400268554688
26288.0,-1.9687060546875002,-3.4777180480957033,6.276448059082032,983.8400268554688
26359.0,1.7248631286621094,-14.573544158935547,-1.409169616699219,983.8400268554688
26426.0,-3.0255084228515625,-8.264314270019531,0.7253915405273438,984.1744995117188
26492.0,-1.1799961853027345,-9.358688507080078,-0.3576063537597656,984.1744995117188
26637.0,-1.8865269470214845,-9.589658203125001,0.22094055175781252,984.1744995117188
26759.0,0.97477294921875,-10.970836029052736,-1.9347267150878906,984.1744995117188
26908.0,-0.9178912353515626,-13.788426818847658,4.986280975341797,984.1744995117188
26954.0,-1.8125807189941407,-15.0359326171875,4.683909759521485,984.1744995117188
27092.0,-1.2365785217285157,-7.875722351074219,1.5141014099121095,984.1744995117188
27159.0,-4.672832794189453,-5.969735870361329,-0.8791218566894532,984.1744995117188
27292.0,-0.3746708679199219,-4.776417388916016,-3.8309834289550784,984.1744995117188
27359.0,2.0974383544921875,-10.834170227050782,-8.865314483642578,984.4242858886719
27426.0,-2.3813978576660157,-7.934100952148438,-7.239096221923829,984.4242858886719
27492.0,-3.0657746887207034,-21.788091430664064,-10.47147445678711,984.4242858886719
27637.0,-0.7358697509765625,-10.37133270263672,0.26839187622070315,984.4242858886719
27759.0,-0.47556106567382816,-9.665400695800782,-1.2519964599609377,984.4242858886719
27825.0,-0.11930191040039063,-8.90034164428711,1.1217672729492187,984.4242858886719
27909.0,-1.2132270812988282,-9.445807342529298,-1.2314891052246095,984.4242858886719
27954.0,-1.2499008178710938,-11.10286148071289,2.1377046203613284,984.4242858886719
28092.0,0.613125,-12.380604400634766,-4.455484771728516,984.4242858886719
28159.0,-2.998115386962891,-14.36293212890625,4.07392822265625,984.4242858886719
28292.0,-0.610580291748047,-8.166268157958985,1.8185682678222657,984.4242858886719
28359.0,-2.5294400024414063,-5.374274139404297,0.4989125061035157,984.4242858886719
28426.0,-2.6288333129882813,-2.5664131164550783,-1.9887643432617188,984.4242858886719
28492.0,1.0211764526367189,-6.1556492614746094,-3.6950660705566407,984.4242858886719
28637.0,-2.3671774291992187,-9.475894775390625,-3.9761814880371094,984.4242858886719
28759.0,2.937192077636719,-9.854307861328126,5.330415344238282,984.4242858886719
28909.0,-0.1502874755859375,-8.88642059326172,0.07050338745117188,984.4242858886719
28955.0,0.5501060485839844,-10.682984619140626,-1.1490106201171875,984.4242858886719
29092.0,-0.871787109375,-9.447304229736329,-0.08008346557617188,984.4242858886719
29160.0,-0.7827223205566407,-9.773775329589844,1.1752061462402343,984.4242858886719
29292.0,2.5039929199218753,-13.092224578857422,-3.3421000671386722,984.1370391845703
29359.0,-4.237837371826172,-13.85608612060547,-1.1433224487304687,984.1370391845703
29426.0,-2.183060302734375,-17.72404266357422,-1.7836907958984376,984.1370391845703
29492.0,-2.266885986328125,-9.960137786865236,-0.7107220458984376,984.1370391845703
29637.0,-0.09370513916015626,-2.232457580566406,-3.5844461059570314,984.1370391845703
29758.0,1.1118878173828126,-3.9797740173339844,-8.40412353515625,984.1370391845703
29826.0,-1.3882131958007813,-3.139571228027344,-6.628066864013673,984.1370391845703
29959.0,0.1676513671875,-7.985893249511719,0.5427713012695313,984.1370391845703
30058.0,0.006586303710937501,-8.30877182006836,-2.455044708251953,984.1370391845703
30103.0,1.4245875549316407,-8.675509185791016,-0.4902305603027344,984.1370391845703
30163.0,2.7172993469238285,-9.489217071533204,-0.7372169494628906,984.1370391845703
30292.0,1.2132270812988282,-8.380921783447267,-0.19923568725585938,984.1370391845703
30359.0,0.7541317749023438,-9.133257293701172,-0.03188369750976563,984.1370391845703
30426.0,0.24099884033203126,-12.606334991455078,0.5872288513183594,984.1370391845703
30492.0,-0.9936337280273438,-16.83983139038086,-1.3527369689941406,984.1370391845703
30637.0,-0.08906478881835939,-18.366207275390625,6.841522979736329,984.1370391845703
30759.0,-0.8529263305664063,-4.071383514404297,1.57831787109375,984.1370391845703
30909.0,-0.03113525390625,-1.7869839477539062,-4.6060716247558595,984.1370391845703
30954.0,1.36037109375,-3.6658767700195316,-5.526806945800781,984.1370391845703
31093.0,0.817749481201172,-26.40119842529297,-10.048304443359376,984.1370391845703
31159.0,-1.1388317871093752,-4.719385986328125,-0.7147636413574219,984.4622802734375
31292.0,1.9643650817871094,-9.45209426879883,2.2472767639160156,984.4622802734375
31359.0,1.3834231567382813,-10.274933166503907,-0.1483415222167969,984.4622802734375
31426.0,0.7032376098632813,-7.003037109375001,0.41209304809570313,984.4622802734375
31492.0,2.7767257690429688,-9.585017852783203,-1.0937754821777343,984.4622802734375
31637.0,-0.7075785827636719,-18.457517395019533,-3.8648130798339846,984.4622802734375
31754.0,3.7711079406738284,-20.833526458740234,8.239765319824219,984.4622802734375
31826.0,0.3426374816894531,-12.028087463378906,-1.9760408020019533,984.4622802734375
31907.0,-3.417243804931641,-0.06421646118164062,-0.32227981567382813,984.4622802734375
31960.0,-2.602338409423828,0.4022135925292969,1.863175506591797,984.4622802734375
32092.0,2.0053797912597657,-5.831722869873047,-4.842280426025391,984.4935607910156
32221.0,2.3848406982421877,-34.764756317138676,-4.120182037353516,984.4935607910156
32302.0,-6.551875305175781,-11.901151428222656,-0.6041436767578126,984.4935607910156
32354.0,1.6458274841308596,-12.220886535644532,0.8265811157226562,984.4935607910156
32426.0,2.864293670654297,-8.335266723632813,0.3095562744140625,984.4935607910156
32492.0,1.6353492736816406,-10.088720397949219,-1.9492465209960939,984.4935607910156
32637.0,0.06571334838867188,-14.016851806640625,1.1150312805175782,984.4935607910156
32754.0,2.6033862304687503,-13.897549896240236,-4.4158172607421875,984.4935607910156
32826.0,-0.04954696655273438,-23.505470123291015,3.948040008544922,984.4935607910156
32926.0,0.652642822265625,-6.561455383300782,1.024918670654297,984.4935607910156
32967.0,-2.8029212951660156,1.3474978637695314,1.5389497375488281,984.4935607910156
33065.0,-0.5529501342773437,1.811532897949219,-1.4983840942382813,984.4622802734375
33095.0,0.8714877319335937,1.4431489562988282,-2.712359619140625,984.4622802734375
33159.0,2.6764343261718753,-4.395459594726563,-6.1417282104492195,984.4622802734375
33293.0,0.7204518127441406,-0.5736071777343751,3.4143997192382813,984.4622802734375
33359.0,-3.806284790039063,-14.239588623046876,-1.7959652709960938,984.4622802734375
33459.0,-0.06810836791992188,-8.816965026855469,-0.2859054565429688,984.4622802734375
33521.0,1.263223114013672,-7.496710510253907,1.5362553405761719,984.4622802734375
33633.0,2.9750633239746094,-7.721692657470704,-1.437161407470703,984.4622802734375
33759.0,-0.29907806396484377,-13.963712310791017,-2.0112176513671876,984.4622802734375
33826.0,-0.6397695922851563,-17.8475358581543,-2.6698480224609376,984.4622802734375
33926.0,-5.42950927734375,-19.749331054687502,10.039921875000001,984.4622802734375
33968.0,1.176104278564453,-19.332298278808594,-2.069296875,984.3952941894531
34065.0,-7.385940856933594,1.1527528381347656,1.597178649902344,984.3952941894531
34094.0,-2.9593460083007814,1.8101856994628907,2.8358528137207033,984.3952941894531
34226.0,0.7515870666503907,-2.5391697692871094,-4.481380920410157,984.3952941894531
34292.0,4.6659471130371095,-5.678740997314454,-6.177653503417969,984.3952941894531
34359.0,11.74846893310547,-37.179834136962896,-13.404475250244142,984.3952941894531
34426.0,-1.6733702087402345,2.0317250061035157,-0.29847930908203124,984.3952941894531
34491.0,-5.105582885742188,-15.923736419677736,3.1458581542968753,984.3952941894531
34637.0,0.09595046997070313,-7.104825439453125,0.79754150390625,984.3952941894531
34759.0,-2.3117926025390627,-10.113568725585939,-0.7206015014648438,984.3952941894531
34826.0,0.2797682189941406,-13.749208374023437,0.7726931762695313,984.3952941894531
34935.0,3.167413330078125,-16.468453674316407,-0.45879592895507815,984.3344116210938
34993.0,-1.148262176513672,-16.462915191650392,0.38080810546875005,984.3344116210938
35035.0,-5.122647399902344,-17.298028564453126,0.9657916259765625,984.3344116210938
35092.0,-2.960393829345703,-5.581443328857422,1.9125727844238283,984.3344116210938
35159.0,-2.4098387145996094,-2.592458953857422,0.29219238281250004,984.3344116210938
35292.0,1.9085311889648438,-1.2599299621582032,-3.83203125,984.3344116210938
35359.0,1.9155665588378907,-2.6029371643066406,-4.0001316833496094,984.3344116210938
35426.0,6.829847259521484,-20.713326416015626,-8.486452331542969,984.3344116210938
35492.0,1.439257049560547,-0.5093907165527344,0.7960446166992188,984.3344116210938
35637.0,8.127049713134767,-9.478888549804688,-0.721948699951172,984.3344116210938
35759.0,0.40386016845703127,-8.387508087158203,2.4791445922851563,984.3344116210938
35908.0,-0.5192701721191406,-10.635084228515625,0.8852590942382813,983.8571929931641
35962.0,-0.07259902954101563,-12.987592163085939,2.432890777587891,983.8571929931641
36092.0,-0.1621128845214844,-17.551301879882814,-6.507717132568359,983.8571929931641
36192.0,2.3327490234375,-18.093025360107422,2.8157945251464844,983.8571929931641
36288.0,-1.07296875,-5.881569213867188,2.072440338134766,983.8571929931641
36354.0,-2.192790069580078,0.4547543334960938,0.6444099426269532,983.8571929931641
36426.0,-0.6965016174316406,0.2763253784179688,-1.7348922729492189,983.8571929931641
36559.0,5.227878570556641,-5.846092987060548,-9.802665252685548,983.8571929931641
36660.0,7.5190141296386726,-44.08811828613281,-15.818056182861328,983.8571929931641
36695.0,1.0433303833007812,-6.425987091064454,-1.4247372436523438,983.8571929931641
36755.0,-4.787344665527344,-7.424111480712891,-1.4762301635742188,983.8571929931641
36825.0,4.424349517822266,-13.240865478515625,2.540816345214844,983.8571929931641
36892.0,4.231550445556641,-6.705605621337891,1.033450927734375,983.8571929931641
36960.0,-1.0473719787597657,-6.632407836914063,-0.8590635681152344,983.8571929931641
37092.0,-0.2070195007324219,-12.80227752685547,-1.0319540405273437,983.8571929931641
37159.0,0.17259109497070313,-16.33687728881836,-2.6472450256347657,983.8571929931641
37292.0,-2.0004400634765624,-16.66649185180664,0.9098080444335938,983.8571929931641
37426.0,0.22034179687500002,-3.4443374633789063,0.7391629028320312,983.8571929931641
37559.0,-0.21884490966796877,0.6698570251464844,-1.5253280639648439,983.8571929931641
37659.0,2.499202880859375,-4.333787841796875,-4.747677154541016,983.8571929931641
37754.0,5.833070068359375,-41.71764770507813,-10.763966217041016,984.1226196289062
37909.0,1.072819061279297,-12.418026580810547,0.9045689392089844,984.1226196289062
37954.0,4.972060546875,-8.229885864257813,1.4108161926269531,984.1226196289062
38092.0,-0.6891668701171876,-8.809181213378906,0.5153782653808594,984.1226196289062
38157.0,1.2653187561035157,-10.366392974853516,-1.0295590209960939,984.1226196289062
38292.0,-0.439486083984375,-14.731166381835939,-3.6838394165039063,984.1226196289062
38359.0,0.9818083190917969,-15.724650421142579,-4.373904418945313,984.1226196289062
38426.0,-1.6795074462890627,-16.067886657714844,6.860982513427735,984.1226196289062
38492.0,-0.8592132568359375,-13.330229644775391,-2.402953033447266,984.1226196289062
38637.0,-2.5069866943359376,-1.5214361572265627,-0.999920654296875,984.1226196289062
38759.0,1.1581416320800781,-1.7823435974121096,-5.860014038085938,984.1226196289062
38909.0,11.466305694580079,-32.015273895263675,-12.339140625,984.1226196289062
38955.0,-0.2700384521484375,1.7868342590332031,1.0900332641601562,984.1226196289062
39092.0,2.6589207458496094,-9.29402297973633,1.4792239379882812,984.1226196289062
39159.0,1.735191650390625,-9.884395294189453,-0.5382806396484375,984.1226196289062
39292.0,3.193758544921875,-8.882977752685548,0.5662724304199219,984.1226196289062
39359.0,-0.3802093505859375,-11.482472076416016,-0.9186396789550781,984.1226196289062
39426.0,1.80344970703125,-16.731756134033205,-0.6712042236328125,984.1226196289062
39492.0,0.6450086975097656,-17.9482763671875,-2.434387664794922,984.1226196289062
39636.0,-2.692151641845703,-16.232394561767578,-0.07095245361328126,983.8169097900391
39757.0,-2.832110595703125,-1.6778608703613282,0.37931121826171876,983.8169097900391
39824.0,-0.5878276062011719,0.8990304565429688,0.47436355590820317,983.8169097900391
39959.0,4.332740020751953,-6.642886047363281,-3.3726365661621096,983.8169097900391
40088.0,3.5046620178222656,-11.400442657470704,-7.183711395263672,983.8169097900391
40159.0,-6.162534942626953,-15.911162567138673,-1.7109420776367188,983.8169097900391
40292.0,1.4313235473632813,-8.65410369873047,0.26494903564453126,983.8169097900391
40359.0,0.7423063659667969,-8.661288757324218,-1.4214440917968751,983.8169097900391
40426.0,2.9960197448730472,-9.267079010009766,1.227297821044922,983.8169097900391
40492.0,-1.657054138183594,-10.32582733154297,-0.1251397705078125,983.8169097900391
40637.0,-0.08696914672851563,-18.51439910888672,-2.5274940490722657,983.7421417236328
40754.0,-1.8526972961425783,-17.53782989501953,5.6627243041992195,983.7421417236328
40909.0,-2.459235992431641,-2.896776123046875,-0.9136999511718751,983.7421417236328
40954.0,-1.9809805297851564,-0.40356079101562503,0.3150947570800781,983.7421417236328
41094.0,1.5093113708496095,-2.5536895751953126,-4.534969482421875,983.7421417236328
41166.0,3.5917808532714846,-6.0272163391113285,-5.383554840087891,983.7421417236328
41289.0,-5.484445037841797,-3.4482293701171876,-4.4457550048828125,983.7421417236328
41405.0,4.949906616210938,-8.329279174804688,1.3227992248535156,983.7421417236328
41430.0,0.7792794799804688,-9.72572525024414,-0.056133270263671875,983.7421417236328
41492.0,-0.07439529418945313,-7.9873901367187505,-1.1252101135253907,983.6062622070312
41637.0,-2.0471429443359375,-9.772727508544923,-0.487386474609375,983.6062622070312
41758.0,-1.0497669982910156,-17.703235931396485,-3.8549336242675785,983.6062622070312
41908.0,-1.1132350158691406,-18.390007781982423,1.8553916931152346,983.6062622070312
42035.0,-3.9245388793945315,-0.549656982421875,0.25881179809570315,983.6062622070312
42154.0,0.6072871398925782,-0.021704864501953126,-1.776805114746094,983.6062622070312
42292.0,1.8097366333007814,-4.1676333618164065,-3.194357299804688,983.6062622070312
42358.0,2.005529479980469,-31.81244567871094,-1.500330047607422,983.6062622070312
42460.0,-1.0181826782226564,-18.88323211669922,-1.0867401123046876,983.7421417236328
42502.0,3.2849189758300783,-9.818681945800781,0.6233038330078126,983.7421417236328
42592.0,1.5877482604980468,-8.868008880615236,1.1026071166992188,983.7421417236328
42654.0,1.340911560058594,-8.143665161132812,-1.0785072326660157,983.7421417236328
42754.0,0.8675958251953125,-7.382198638916016,-0.39008880615234376,983.7421417236328
42827.0,-0.4086502075195313,-9.539213104248047,0.6033952331542969,983.7421417236328
42926.0,-0.7426057434082032,-14.337634735107423,-1.9633172607421876,983.7421417236328
42967.0,0.9252259826660156,-14.630575561523438,1.1311976623535156,983.7421417236328
43092.0,4.373155975341797,-10.931467895507813,-2.2686822509765627,983.7421417236328
43159.0,-2.4869284057617187,-10.420280914306641,0.2963836669921875,983.7421417236328
43292.0,0.5228627014160157,-8.972940673828125,-1.2350816345214843,983.7421417236328
43426.0,1.5992742919921876,-5.882916412353516,-2.998564453125,983.7026214599609
43492.0,1.1187734985351563,-5.580245819091797,-3.613485717773438,983.7026214599609
43636.0,2.2818548583984377,-6.739135894775391,-3.552562408447266,983.7026214599609
43773.0,-0.5956114196777345,-6.599027252197266,-1.4208453369140626,983.7026214599609
43904.0,-3.5551071166992188,-3.4187406921386723,10.462044067382813,983.7026214599609
43954.0,0.038769378662109374,-13.481564941406251,-1.1151809692382812,983.7026214599609
44076.0,0.2662962341308594,-10.414592742919922,-0.17932708740234377,983.7026214599609
44099.0,0.798739013671875,-9.972262573242189,0.41882904052734377,983.7026214599609
44160.0,-0.77838134765625,-9.991572418212892,0.47795608520507815,983.7026214599609
44292.0,-0.29728179931640625,-9.767787780761719,-0.6258485412597656,983.7026214599609
44359.0,-0.20791763305664063,-10.12225067138672,-0.888402557373047,983.7026214599609
44425.0,-0.27228378295898437,-9.743238830566407,2.8629464721679687,983.7026214599609
44492.0,-2.0137623596191405,-9.360784149169922,0.8361611938476563,983.7026214599609
44638.0,-0.8788224792480469,-9.757908325195313,-0.1279838562011719,983.7026214599609
44759.0,-1.6904347229003907,-9.64609085083008,0.8388555908203126,983.7026214599609
44826.0,-1.648671569824219,-9.65147964477539,0.4640350341796875,983.7026214599609
44907.0,-1.4268328857421875,-9.68261489868164,0.3040177917480469,983.7026214599609
44993.0,-1.3706996154785156,-9.708361358642579,0.4843927001953125,983.7026214599609
45033.0,-1.458417205810547,-9.612560577392578,0.4794529724121094,983.7026214599609
45090.0,-1.1067984008789062,-9.714049530029298,0.46523254394531255,983.7026214599609
45159.0,-1.2772938537597658,-9.657916259765626,0.2890489196777344,983.7026214599609
45292.0,-1.4103671264648439,-9.715696105957031,0.39008880615234376,983.4458160400391
45354.0,-1.4847624206542969,-9.684710540771485,0.4555027770996094,983.4458160400391
45426.0,-1.289568328857422,-9.696535949707032,0.5950126647949219,983.4458160400391
45492.0,-1.4123130798339845,-9.75251953125,0.367635498046875,983.4458160400391
45637.0,-1.2867242431640626,-9.676777038574219,0.28770172119140625,983.4458160400391
45754.0,-1.1548484802246095,-9.67303482055664,0.26914031982421877,983.4458160400391
45826.0,-1.2886701965332032,-9.756261749267578,0.22109024047851564,983.4458160400391
45926.0,-1.2066407775878907,-9.686656494140626,0.28994705200195314,983.4458160400391
45967.0,-1.33881591796875,-9.721234588623048,0.31344818115234374,983.4458160400391
46078.0,-1.2717553710937501,-9.673483886718751,0.2893482971191406,983.4458160400391
46101.0,-1.3296849060058595,-9.683962097167969,0.2806663513183594,983.4458160400391
46193.0,-1.2666659545898438,-9.673783264160157,0.40505767822265626,983.4458160400391
46259.0,-1.3186079406738282,-9.711205444335938,0.29847930908203124,983.1605529785156
46322.0,-1.1597882080078126,-9.791139221191406,0.28680358886718754,983.1605529785156
46423.0,-1.2376263427734375,-9.761500854492189,0.24923171997070315,983.1605529785156
46559.0,-1.2846286010742187,-9.693841552734375,0.2794688415527344,983.1605529785156
46659.0,-1.0871891784667969,-9.735455017089844,0.32871643066406253,983.1605529785156
46697.0,-1.2738510131835938,-9.658515014648438,0.2559677124023438,983.1605529785156
46759.0,-1.2316387939453126,-9.652228088378907,0.3842509460449219,983.1605529785156
46909.0,-1.1282038879394531,-9.765093383789063,0.35057098388671876,983.1605529785156
46954.0,-1.1517050170898437,-9.659413146972657,0.32257919311523436,983.1605529785156
47092.0,-1.18074462890625,-9.670939178466798,0.30895751953125,983.1605529785156
47159.0,-1.2240046691894533,-9.660760345458986,0.31449600219726564,983.0062866210938
47292.0,-1.2900173950195313,-9.652677154541015,0.3426374816894531,983.0062866210938
47359.0,-1.1543994140625,-9.742789764404298,0.23800506591796877,983.0062866210938
47426.0,-1.1702664184570313,-9.676777038574219,0.28021728515625,983.0062866210938
47492.0,-1.2425660705566406,-9.684111785888673,0.3200344848632813,983.0062866210938
47637.0,-1.1784992980957032,-9.592352600097657,0.3550616455078125,983.0062866210938
47754.0,-0.8602610778808594,-9.84008743286133,0.4942721557617188,983.0062866210938
47909.0,-0.26764343261718754,-10.074350280761719,0.23396347045898438,983.0062866210938
47954.0,-0.3347039794921875,-9.577982482910157,0.18157241821289063,983.0062866210938
48062.0,1.6690292358398438,-10.361153869628907,-2.249821472167969,983.0062866210938
48091.0,3.236868896484375,-10.969189453125,-1.7215699768066408,983.0062866210938
48159.0,4.309687957763672,-16.36471939086914,-2.798430633544922,983.0062866210938
48292.0,0.6906637573242188,-8.63973358154297,-1.490899658203125,983.0062866210938
48359.0,0.7682025146484376,-5.087320861816407,-2.6173072814941407,983.0062866210938
48426.0,-0.13097763061523438,-4.851561126708985,-3.377127227783203,983.0062866210938
48493.0,2.715353393554688,-6.1839404296875005,-4.978796539306641,983.0062866210938
48637.0,1.9950512695312501,-5.692961425781251,-1.871558074951172,983.0062866210938
48759.0,-2.585273895263672,0.0077838134765625,11.880943450927735,983.0062866210938
48826.0,4.473597106933594,-13.32828369140625,-3.644022216796875,983.0062866210938
48926.0,1.4434483337402344,-10.043963470458985,-0.8753796386718751,983.0062866210938
48967.0,-0.08996292114257813,-8.856183471679689,-0.0532891845703125,983.0062866210938
49063.0,-2.6370661926269534,-8.419092407226563,0.39472915649414064,983.2271575927734
49092.0,-1.6985179138183595,-10.75887680053711,-0.6459068298339844,983.2271575927734
49160.0,1.156644744873047,-12.135264587402345,0.16450790405273438,983.2271575927734
49292.0,2.1845571899414065,-11.730206909179689,-1.1970606994628907,983.2271575927734
49354.0,-3.4685870361328126,-16.272810516357424,3.947890319824219,983.2271575927734
49425.0,-0.0053887939453125,-15.061529388427735,-0.19654129028320313,983.2271575927734
49492.0,-1.4184503173828125,-6.431675262451172,2.755170593261719,983.2271575927734
49637.0,-1.4199472045898438,-2.9831465148925784,-3.2910562133789063,983.2271575927734
49754.0,1.2983999633789063,-7.478298797607422,-9.480684814453125,983.2271575927734
49825.0,0.41269180297851565,-7.652237091064453,-7.1515283203125,983.2271575927734
49909.0,-4.895719299316407,3.309617614746094,5.788313140869141,983.2271575927734
49986.0,4.761448516845704,-18.050962829589846,-5.935307464599609,983.6238861083984
50033.0,1.5015275573730469,-9.612859954833985,-0.8723858642578125,983.6238861083984
50092.0,-2.5343797302246096,-8.009095001220704,0.5662724304199219,983.6238861083984
50226.0,0.24459136962890626,-9.723030853271485,0.14684463500976563,983.6238861083984
50292.0,-0.37511993408203126,-10.609188079833984,-2.8621980285644533,983.6238861083984
50359.0,4.220623168945313,-12.425211639404298,-2.1680914306640626,983.6238861083984
50425.0,3.6853363037109377,-13.069172515869141,-2.032323760986328,983.6238861083984
50497.0,-1.8288967895507813,-15.722105712890626,4.4387196350097655,983.6238861083984
50636.0,-1.9248472595214845,-8.432564392089844,3.3979339599609375,983.6238861083984
50759.0,-5.051245880126953,-1.0237211608886718,-0.307760009765625,983.6238861083984
50826.0,0.6295907592773438,-4.2837918090820315,-4.633165283203125,983.6238861083984
50909.0,1.7619859313964845,-17.93016403198242,-9.734856262207032,983.6238861083984
50954.0,-3.639980621337891,-10.353370056152345,-6.758445739746094,984.0444946289062
51092.0,3.4958303833007816,-18.00276306152344,-0.5138813781738282,984.0444946289062
51226.0,-1.4558724975585937,-8.469836883544922,-0.09834548950195313,984.0444946289062
51293.0,0.7134164428710937,-8.701704711914063,1.5102095031738283,984.0444946289062
51356.0,-0.27737319946289063,-9.641151123046875,-0.8038284301757813,984.0444946289062
51426.0,-0.2748284912109375,-11.487262115478517,-0.42167312622070313,984.0444946289062
51492.0,4.195475463867187,-12.5930126953125,-3.2986903381347656,984.0444946289062
51637.0,-3.7889208984375,-16.584911499023438,4.239933013916016,984.0444946289062
51759.0,-0.8068222045898438,-6.887627105712891,2.499053192138672,984.0444946289062
51826.0,-3.5551071166992188,-3.574267272949219,1.1753558349609377,984.0444946289062
51926.0,-2.2969734191894533,-2.8349546813964843,-3.4587075805664065,984.0444946289062
51968.0,2.0637583923339844,-7.8869490051269535,-5.915847930908203,984.0444946289062
52062.0,0.590372314453125,-5.581293640136719,-6.242169342041016,984.0444946289062
52103.0,-3.809727630615235,-11.482771453857422,-1.6245716857910157,984.0444946289062
52159.0,-7.584278411865235,-3.9053787231445316,3.2588731384277345,984.0444946289062
52292.0,-1.8736537170410157,-7.746241607666016,-0.6731501770019531,984.0444946289062
52359.0,-1.636995849609375,-9.300609283447265,0.686173095703125,984.0444946289062
52492.0,0.46059219360351566,-10.777737579345704,-1.605710906982422,984.0444946289062
52637.0,0.6307882690429688,-12.584779815673828,-4.2908271789550785,984.0444946289062
52760.0,-3.346890106201172,-19.715052337646487,-3.1118788146972656,984.0444946289062
52909.0,-3.9577697753906254,-1.994751892089844,2.2981709289550785,983.9219665527344
52952.0,-4.093387756347656,-1.4901512145996094,-0.013022918701171875,983.9219665527344
53026.0,1.6841477966308596,-8.49797836303711,-8.59093505859375,983.9219665527344
53092.0,1.4533277893066407,-15.815810852050783,-8.820707244873047,983.9219665527344
53159.0,-6.236181793212891,-12.068802795410157,2.481090545654297,983.9219665527344
53292.0,4.675227813720704,-14.110257568359376,-1.6229251098632813,983.9219665527344
53359.0,-3.4727783203125,-7.163653106689454,1.1102412414550782,983.9219665527344
53426.0,-0.7982899475097657,-10.086624755859376,0.1407073974609375,983.9219665527344
53492.0,1.500330047607422,-9.274862823486329,-4.266876983642578,983.9219665527344
53637.0,3.596121826171875,-13.159734191894533,-10.017318878173828,983.9219665527344
53759.0,-0.9725276184082031,-16.40453659057617,3.4861006164550785,983.8942718505859
53909.0,-4.867278442382813,-1.1536509704589843,-0.5007087707519532,983.8942718505859
53954.0,0.3095562744140625,-13.457914123535158,-8.171656951904298,983.8942718505859
54096.0,1.148262176513672,-25.49049224853516,1.2109817504882814,983.8942718505859
54160.0,-0.6010002136230469,-8.892557830810548,9.568701782226563,983.8942718505859
54264.0,-2.5466542053222656,-7.252568206787109,-0.015567626953125,983.8942718505859
54292.0,-1.7670753479003907,-8.112529907226563,0.6110293579101563,983.8942718505859
54359.0,0.5138813781738282,-9.44356201171875,-3.3316218566894533,983.8942718505859
54426.0,1.2626243591308595,-8.926537170410157,-0.3141966247558594,983.8942718505859
54559.0,-5.389243011474609,-15.57481201171875,-6.754703521728516,983.8942718505859
54691.0,-1.5046710205078127,-7.878865814208985,-1.0078541564941408,983.5289001464844
54757.0,-1.0581495666503906,-1.28373046875,-2.5259971618652344,983.5289001464844
54826.0,-0.7940986633300782,-1.4313235473632813,-2.326312408447266,983.5289001464844
54924.0,0.25956024169921876,-1.7886305236816407,-6.146667938232422,983.5289001464844
54999.0,1.788929901123047,-3.2192056274414065,-11.584410095214844,983.5289001464844
55034.0,-2.132315826416016,-1.2418176269531251,-5.617967376708985,983.5289001464844
55093.0,-5.241200866699219,-13.69606887817383,-7.929460601806641,983.5289001464844
55159.0,0.12439132690429688,-13.38860824584961,-3.2048355102539063,983.5289001464844
55292.0,2.9473709106445316,-9.097032623291016,0.5727090454101563,983.5289001464844
55359.0,3.7821849060058597,-10.920091552734375,-0.31344818115234374,983.5289001464844
55426.0,1.922901306152344,-7.367080078125,-0.14534774780273438,983.5289001464844
55492.0,1.4563215637207032,-10.826835479736328,-0.5212161254882812,983.5289001464844
55559.0,2.6768833923339845,-12.580289154052736,0.04445755004882813,983.5289001464844
55626.0,-0.8096662902832031,-17.7375146484375,-5.999523925781251,983.5289001464844
55692.0,1.5154486083984375,-14.553186492919922,-7.525301055908203,983.5289001464844
55759.0,2.522704010009766,-19.35849380493164,-0.4358935546875,983.5289001464844
55859.0,0.41508682250976564,-3.9402561950683594,-0.3415896606445313,983.5289001464844
55901.0,-2.9089009094238283,1.545685729980469,0.49906219482421876,983.5289001464844
56026.0,0.6077362060546875,-2.02379150390625,-4.491110687255859,983.5289001464844
56092.0,3.304677886962891,-5.762866058349609,-7.9574523925781255,983.5289001464844
56191.0,0.9463320922851562,-26.401048736572267,-8.462801513671875,983.5289001464844
56225.0,3.5787579345703127,-9.36931640625,0.27333160400390627,983.5289001464844
56292.0,-4.392166442871094,-12.475956115722656,-4.70905746459961,983.5289001464844
56359.0,3.171903991699219,-7.994275817871094,2.2376966857910157,983.5289001464844
56426.0,4.660857696533204,-9.421408081054688,0.18920654296875,983.5289001464844
56492.0,0.010777587890625,-9.58771224975586,-0.8723858642578125,983.5289001464844
56559.0,1.0482701110839845,-9.345066833496094,0.11391311645507814,983.5289001464844
56692.0,1.7089961242675782,-13.498479766845703,0.16735198974609375,983.9491271972656
56754.0,0.6188131713867188,-18.221009216308595,-4.977449340820312,983.9491271972656
56826.0,1.568588104248047,-14.54585174560547,-6.206543426513672,983.9491271972656
56895.0,2.1667442321777344,-19.42690155029297,3.082090759277344,983.9491271972656
56960.0,-0.3909869384765625,-5.175786895751953,-0.2285746765136719,983.9491271972656
57092.0,-2.2905368041992187,-0.4255650329589844,0.008831634521484376,983.9491271972656
57158.0,0.6059399414062501,-0.5114863586425782,-3.6181260681152345,983.9491271972656
57292.0,3.779191131591797,-4.44515625,-5.349126434326172,983.9491271972656
57357.0,3.4576597595214844,-31.530132751464844,-6.8602340698242195,983.9491271972656
57425.0,-4.519252166748047,-8.228987731933595,-2.654579772949219,983.9491271972656
57492.0,1.953138427734375,-10.2075732421875,1.3190570068359375,983.9491271972656
57592.0,0.4432283020019531,-9.754315795898439,0.6450086975097656,984.0822601318359
57634.0,0.6233038330078126,-8.129594421386718,-1.3789324951171875,984.0822601318359
57759.0,-0.9021739196777344,-9.524842987060547,-1.2784913635253907,984.0822601318359
57825.0,1.1895762634277345,-13.809083862304687,-0.2177970886230469,984.0822601318359
57892.0,0.6785389709472657,-18.296901397705078,-4.357288970947266,984.0822601318359
57959.0,-0.7713459777832031,-13.268557891845704,-6.764582977294922,984.0822601318359
58092.0,1.5281721496582032,-12.26489501953125,-1.727856903076172,984.0822601318359
58159.0,-0.5201683044433594,-1.8083894348144531,-0.4174818420410156,984.0822601318359
58264.0,-0.4279600524902344,-0.3538641357421875,-1.033450927734375,984.0822601318359
58293.0,0.731678466796875,-0.7562274169921875,-3.583547973632813,984.0822601318359
58392.0,2.9166847229003907,-4.273612976074219,-5.30062728881836,984.0822601318359
58434.0,-0.6870712280273438,-4.138743438720703,-1.8839822387695313,984.0822601318359
58558.0,-5.068909149169922,-5.024601287841797,-3.0454170227050783,984.1828155517578
58625.0,3.3112641906738283,-12.606634368896485,0.6659651184082032,984.1828155517578
58692.0,4.529880065917969,-9.554331665039063,0.2070195007324219,984.1828155517578
58758.0,1.1764036560058595,-9.469907226562501,-1.0321037292480468,984.1828155517578
58826.0,0.8656498718261719,-7.710615692138672,-0.7020401000976563,984.1828155517578
58892.0,2.70876708984375,-8.908724212646485,-1.0972183227539063,984.1828155517578
58960.0,-0.5108876037597656,-9.93978012084961,0.46702880859375,984.1828155517578
59092.0,1.3114228820800782,-15.32617904663086,3.8703515625000002,984.1828155517578
59160.0,-4.547842712402344,-9.679920501708985,-2.3080503845214846,984.1828155517578
59292.0,-2.7568171691894534,-9.880802764892579,0.21345611572265627,984.1828155517578
59426.0,0.5510041809082031,-8.104596405029298,-1.4367123413085938,984.1828155517578
59492.0,-1.055006103515625,-7.733069000244141,-1.467099151611328,984.1828155517578
59559.0,0.2848576354980469,-8.376431121826172,-2.6604176330566407,984.1828155517578
59692.0,1.581760711669922,-8.058941345214844,-3.479514312744141,984.1828155517578
59759.0,0.5044509887695313,-8.632997589111328,-3.4923875427246096,984.1828155517578
59825.0,-0.05822891235351563,-8.281229095458984,-2.5818310546875,984.1828155517578
59892.0,-1.0419831848144532,-8.106991424560547,-1.8341358947753907,984.1828155517578
59994.0,-0.0058378601074218755,-11.355536041259766,-3.1566357421875,984.1828155517578
60087.0,-2.894081726074219,-5.1361193847656255,0.8997789001464844,984.1828155517578
60159.0,0.3585044860839844,-10.330767059326172,-2.984942779541016,984.1828155517578
60292.0,0.7770341491699219,-10.451715545654297,0.0664617919921875,984.1828155517578
60426.0,-0.13801300048828125,-9.94651611328125,-0.23321502685546877,983.8054656982422
60492.0,-0.5604345703125,-9.759405212402344,0.012573852539062501,983.8054656982422
60626.0,0.013621673583984376,-10.034383392333984,0.7622149658203126,983.8054656982422
60726.0,-1.044228515625,-9.659862213134765,0.4132905578613281,983.8054656982422
60767.0,-1.3430072021484376,-9.672136688232422,-0.24264541625976563,983.8054656982422
60826.0,-0.9515711975097657,-9.721533966064454,0.42167312622070313,983.8054656982422
60892.0,-1.175804901123047,-9.862391052246094,0.2436932373046875,983.8054656982422
60957.0,-1.0828482055664064,-9.713899841308594,0.168848876953125,983.8054656982422
61062.0,-1.3582754516601563,-9.561516723632813,0.17169296264648437,983.8054656982422
61105.0,-1.2078382873535156,-9.637259216308594,0.1586700439453125,983.8054656982422
61192.0,-1.2645703125,-9.77302688598633,0.026494903564453127,983.8054656982422
61233.0,-1.200952606201172,-9.704020385742188,0.15687377929687502,983.8054656982422
61326.0,-1.4135105895996094,-9.684560852050781,0.18112335205078126,983.1288146972656
61364.0,-1.447789306640625,-9.63890579223633,-0.14444961547851562,983.1288146972656
61426.0,-1.5341596984863282,-9.549092559814454,-0.1802252197265625,983.1288146972656
61492.0,-1.4889537048339845,-9.598040771484376,0.0149688720703125,983.1288146972656
61559.0,-1.7833914184570314,-9.58726318359375,-0.08098159790039063,983.1288146972656
61626.0,-1.620230712890625,-9.642049255371095,-0.026195526123046875,983.1288146972656
61692.0,-1.5096107482910157,-9.6040283203125,0.03547622680664063,983.1288146972656
61759.0,-1.452579345703125,-9.57573715209961,-0.00029937744140625,983.1288146972656
61826.0,-0.8951385498046875,-9.830507354736328,-0.2285746765136719,983.1288146972656
61892.0,-1.135089569091797,-9.782906341552735,-0.2782713317871094,983.1288146972656
61959.0,-1.6163388061523438,-9.876312103271484,-0.28291168212890627,983.1288146972656
62093.0,-2.634521484375,-9.74967544555664,-0.5351371765136719,983.1288146972656
62154.0,-2.3285577392578127,-9.342372436523439,0.31823822021484377,983.1288146972656
62292.0,-1.910028076171875,-9.357490997314454,0.12109817504882812,982.9344940185547
62355.0,-2.412832489013672,-9.381141815185547,-0.05822891235351563,982.9344940185547
62425.0,-1.8779946899414064,-9.67587890625,-0.31883697509765624,982.9344940185547
62492.0,-1.2828323364257812,-9.461374969482423,-0.6409671020507813,982.9344940185547
62592.0,3.550616455078125,-12.784464569091798,-1.7271084594726562,982.9344940185547
62634.0,3.4314642333984375,-13.702804870605469,-1.285975799560547,982.9344940185547
62759.0,1.3009446716308595,-9.214987335205079,-2.2351519775390627,982.9344940185547
62826.0,0.8916957092285157,-6.183341674804688,-2.6458978271484375,982.9344940185547
62892.0,1.2948074340820312,-5.291496276855469,-3.3656011962890626,982.9344940185547
62960.0,0.44697052001953125,-4.542304229736328,-4.211043090820313,982.9344940185547
63093.0,2.2412892150878907,-8.880732421875,-6.762637023925782,982.9344940185547
63159.0,-7.468718719482422,-15.337705078125001,-11.21542739868164,982.9344940185547
63293.0,4.688400421142578,-18.70360565185547,-2.2110520935058595,982.9344940185547
63393.0,-0.9789642333984375,-8.887019348144532,0.8434959411621095,982.9344940185547
63425.0,0.28351043701171874,-10.691217498779297,-1.22385498046875,982.9344940185547
63492.0,-0.13516891479492188,-8.557704162597657,0.4381388854980469,982.9344940185547
63560.0,0.4822970581054688,-8.861422576904298,0.1826202392578125,982.9344940185547
63694.0,-0.7634124755859375,-11.172317047119142,1.6173866271972657,982.9344940185547
63754.0,2.7475364685058596,-11.834539947509766,-3.186573486328125,982.9344940185547
63858.0,0.5421725463867187,-11.636651458740236,1.3359718322753906,982.9344940185547
63898.0,-2.5009991455078127,-14.478192443847657,3.709585876464844,982.9344940185547
63960.0,2.0303778076171874,-14.008618927001955,-0.12678634643554687,982.9344940185547
64095.0,-3.360362091064453,-6.133944396972656,1.3443544006347656,982.9344940185547
64159.0,-2.997666320800781,-4.008514251708984,-2.1501287841796874,983.2626342773438
64292.0,2.6878106689453127,-16.147371368408205,-10.280022583007813,983.2626342773438
64359.0,0.164058837890625,-8.983269195556641,-4.051624603271485,983.2626342773438
64425.0,-6.9448081970214846,-2.6050328063964847,3.1043943786621093,983.2626342773438
64492.0,4.085304565429688,-19.33005294799805,-2.7238856506347657,983.2626342773438
64559.0,-1.8836828613281251,-6.8091902160644535,0.3553610229492188,983.2626342773438
64693.0,-0.7682025146484376,-8.389454040527344,0.7864645385742188,983.2626342773438
64759.0,-0.9068142700195313,-10.55859329223633,-0.35700759887695316,983.2626342773438
64825.0,1.0720706176757813,-11.472442932128907,-3.955973510742188,983.2626342773438
64935.0,3.965703277587891,-14.402899017333985,-1.5850538635253908,983.2626342773438
64992.0,-0.5406756591796875,-12.991633758544923,2.5969496154785157,983.2626342773438
65035.0,-2.8503726196289065,-15.30851577758789,5.612728271484375,983.2626342773438
65125.0,-1.0036628723144532,-11.762689361572265,2.29203369140625,983.3629608154297
65166.0,-1.2133767700195313,-7.768694915771484,3.928879852294922,983.3629608154297
65292.0,-5.679788818359375,-1.5132032775878907,-2.2634431457519533,983.3629608154297
65359.0,1.044228515625,-9.478140106201172,-8.004005584716797,983.3629608154297
65425.0,1.580563201904297,-13.293406219482423,-6.984475708007813,983.3629608154297
65492.0,-7.436685333251954,-12.290641479492189,-5.469326477050782,983.3629608154297
65559.0,0.3342549133300781,-5.742209014892579,9.684710540771485,983.3629608154297
65713.0,-3.043920135498047,-8.712631988525391,0.9722282409667969,983.3629608154297
65753.0,-0.46523254394531255,-10.231673126220704,-0.01945953369140625,983.3629608154297
65825.0,0.8075706481933594,-9.678423614501954,-4.9018565368652345,983.3629608154297
65892.0,0.9057664489746095,-12.9474755859375,-3.4887950134277346,983.3629608154297
65960.0,4.0127055358886725,-13.786031799316406,-7.521558837890625,983.3629608154297
66097.0,-2.1022283935546877,-10.264155578613282,0.6063890075683595,983.4421539306641
66188.0,-3.204087066650391,-1.42024658203125,0.8104147338867188,983.4421539306641
66288.0,1.1533515930175782,-14.885645141601563,-12.720248107910157,983.4421539306641
66359.0,-1.152902526855469,-5.975873107910156,4.468208312988281,983.4421539306641
66424.0,-1.210532684326172,-17.697847137451173,0.9304650878906251,983.4421539306641
66492.0,0.2710862731933594,-13.32394271850586,4.4810815429687505,983.4421539306641
66559.0,0.38694534301757816,-8.95303207397461,-0.10882369995117189,983.4421539306641
66626.0,-1.2910652160644531,-8.284671936035156,0.12558883666992188,983.4421539306641
66692.0,0.5812413024902344,-9.615254974365234,-0.7553292846679688,983.4421539306641
66759.0,2.0636087036132813,-10.546767883300781,-2.997067565917969,983.4421539306641
66826.0,2.1999751281738282,-13.130694580078126,-5.296585693359376,983.4421539306641
66911.0,-3.5489698791503907,-14.85959930419922,0.7741900634765625,983.4421539306641
66954.0,1.6555572509765626,-21.73674819946289,3.138373718261719,983.6142730712891
67025.0,-2.0908520507812502,-10.03752685546875,-0.3100053405761719,983.6142730712891
67123.0,-1.5575111389160157,-2.5376728820800785,-1.5955320739746095,983.6142730712891
67153.0,-1.2870236206054688,-0.8786727905273438,-2.1368064880371094,983.6142730712891
67261.0,0.006586303710937501,-1.3093272399902345,-4.874613189697266,983.6142730712891
67293.0,-0.13127700805664064,-2.0252883911132815,-7.009473724365234,983.6142730712891
67424.0,0.2183958435058594,-39.91300048828125,-0.3784130859375,983.6142730712891
67523.0,-4.694537658691407,-15.855628051757813,-3.3687446594238284,983.6142730712891
67590.0,3.605402526855469,-8.665779418945313,0.3887416076660156,983.6142730712891
67691.0,-0.21764739990234377,-8.173453216552735,-1.2487033081054688,983.6142730712891
67756.0,1.3515394592285157,-7.958200836181641,-1.5834072875976564,983.6142730712891
67833.0,1.4726376342773437,-10.361004180908203,-1.428629150390625,983.6142730712891
67891.0,0.631087646484375,-15.4095556640625,0.23965164184570314,983.6459350585938
67956.0,1.1808943176269533,-19.39771224975586,-5.384153594970703,983.6459350585938
68025.0,-1.0520123291015626,-15.443684692382813,-5.964197387695313,983.6459350585938
68126.0,-0.396375732421875,-11.832593994140625,-4.161645812988281,983.6459350585938
68165.0,-2.9190797424316406,-4.221820678710937,3.3747322082519533,983.6459350585938
68292.0,-2.604883117675781,0.26120681762695314,-0.9972262573242188,983.6459350585938
68360.0,0.6086343383789062,-1.1114387512207031,-4.548441467285157,983.6459350585938
68493.0,4.305796051025391,-30.61059494018555,-4.182901611328125,983.6459350585938
68558.0,0.8569679260253906,-0.5032534790039063,-1.5663427734375002,983.6459350585938
68624.0,-3.570824432373047,-14.865287475585939,0.4501139831542969,983.6459350585938
68691.0,2.5415647888183597,-9.23414749145508,-0.1633103942871094,983.6459350585938
68758.0,0.7429051208496094,-8.94539794921875,-1.0530601501464845,983.6459350585938
68824.0,2.048789520263672,-8.548124084472656,1.4214440917968751,983.6459350585938
68891.0,-0.39128631591796875,-11.63545394897461,-1.9258950805664063,983.8355255126953
68958.0,-0.7294331359863282,-16.920064544677736,-4.980443115234375,983.8355255126953
69024.0,2.8852500915527344,-15.00330047607422,-5.497917022705078,983.8355255126953
69159.0,0.21031265258789064,-10.640323333740234,-3.493734741210938,983.8355255126953
69291.0,-1.467099151611328,-2.034419403076172,-1.0675799560546875,983.8355255126953
69358.0,0.4827461242675781,-1.4040802001953125,-4.360282745361328,983.8355255126953
69423.0,4.528383178710937,-3.8684056091308596,-6.3460533142089846,983.8355255126953
69558.0,-0.0844244384765625,2.606829071044922,0.36793487548828124,983.8355255126953
69691.0,5.964646453857422,-9.431287536621094,-0.5498066711425782,983.8355255126953
69758.0,2.327809295654297,-7.260651397705079,-0.16615447998046876,983.8355255126953
69824.0,-0.41927810668945314,-8.211324462890625,-1.1561956787109375,983.8636016845703
69958.0,-1.1563453674316406,-16.63625473022461,-2.634371795654297,983.8636016845703
70100.0,-2.4493565368652344,-14.876514129638673,-0.8231382751464844,983.8636016845703
70157.0,-0.9187893676757813,-13.6180810546875,2.955304412841797,983.8636016845703
70262.0,-2.1305195617675783,-2.7964846801757814,1.598525848388672,983.8636016845703
70288.0,-4.730612640380859,-0.7792794799804688,0.9901908874511719,983.8636016845703
70357.0,-0.08247848510742188,-1.77470947265625,-3.2277378845214844,983.8636016845703
70424.0,2.5899142456054687,-2.5629702758789064,-5.0410670471191406,983.8636016845703
70491.0,-3.4634976196289062,-0.49412246704101564,-10.054441680908203,983.8636016845703
70557.0,6.733148345947266,-20.028799896240237,-0.7417076110839844,983.8636016845703
70624.0,-6.953939208984376,-10.91739715576172,-1.5402969360351564,983.8636016845703
70724.0,6.201004943847656,-7.057074737548828,-0.17064514160156252,983.8636016845703
70788.0,0.9068142700195313,-8.551267547607422,-2.0109182739257814,983.8636016845703
70824.0,0.6221063232421875,-8.559949493408203,-0.4044589233398438,983.8636016845703
70889.0,4.890480194091797,-12.08856170654297,-1.6435821533203125,983.8636016845703
70959.0,-0.4848417663574219,-13.075309753417969,1.2373269653320313,983.8636016845703
71023.0,-0.8190966796875,-15.730039215087892,-3.3621583557128907,983.8636016845703
71129.0,-0.2966830444335938,-12.452005920410157,-2.0778291320800784,983.8636016845703
71188.0,-1.6257691955566407,-17.216597900390624,5.300776977539063,983.8636016845703
71291.0,-0.7382647705078126,-2.2308110046386718,0.16016693115234376,983.8636016845703
71358.0,-2.0969892883300782,-2.0820204162597657,-0.808319091796875,983.8636016845703
71424.0,2.070045318603516,-0.8840615844726563,-4.225413208007812,983.8636016845703
71491.0,2.9997619628906254,-3.8977445983886723,-7.459288330078126,983.8636016845703
71557.0,0.29294082641601565,-9.877808990478517,-13.951138458251954,983.8636016845703
71624.0,0.5522016906738282,-0.9071136474609376,0.5174739074707031,983.8636016845703
71691.0,-3.070714416503906,-15.576009521484377,-2.0987855529785158,983.8636016845703
71757.0,1.7872833251953126,-11.461665344238282,1.984123992919922,983.8636016845703
71824.0,2.5548870849609377,-8.922794952392579,0.06945556640625,983.8636016845703
71891.0,1.53520751953125,-5.622458038330079,-0.8689430236816407,983.8636016845703
71958.0,3.7215609741210938,-7.733368377685547,0.4345463562011719,983.8636016845703
72024.0,-3.7184175109863284,-13.377231903076172,-0.39517822265625,983.8636016845703
72124.0,0.9072633361816407,-21.5741862487793,-2.2945783996582034,983.8636016845703
72154.0,1.07296875,-16.201408996582032,-6.050418090820313,983.8636016845703
72263.0,-2.4516018676757816,-17.301471405029297,3.7676651000976564,983.8636016845703
72354.0,1.3253439331054688,-1.9609222412109375,1.646426239013672,983.8636016845703
72423.0,-3.1163694763183596,-0.9707313537597657,0.5899232482910156,983.8636016845703
72491.0,1.614093475341797,-1.7013619995117188,-3.573219451904297,983.8636016845703
72591.0,2.7993287658691406,-3.0684690856933594,-6.754104766845703,983.8636016845703
72624.0,-1.3166619873046876,-2.293231201171875,-1.4081217956542968,983.8493347167969
72757.0,-4.01689682006836,-4.360582122802734,-1.1475137329101563,983.8493347167969
72824.0,4.668042755126954,-13.578563232421876,1.8386265563964845,983.8493347167969
72891.0,2.1137544250488283,-8.015232238769531,-1.0020162963867187,983.8493347167969
72958.0,0.48933242797851567,-7.135661315917969,-0.8966354370117188,983.8493347167969
73024.0,2.405647430419922,-10.026599578857422,-0.3454815673828125,983.8493347167969
73158.0,0.1483415222167969,-18.49134704589844,-2.9235704040527346,983.8493347167969
73262.0,-1.8950592041015626,-16.295563201904297,2.6970913696289065,983.8493347167969
73288.0,-0.6243516540527344,-17.839901733398438,2.009271697998047,983.8493347167969
73357.0,-0.7936495971679688,-5.823639678955079,1.9905606079101563,983.8493347167969
73458.0,-2.6436524963378907,0.7692503356933594,0.4397854614257813,983.8493347167969
73524.0,-0.08307723999023438,-1.2005035400390625,-2.1752764892578127,983.8493347167969
73554.0,0.5162763977050782,-1.8757493591308594,-3.439248046875,983.438720703125
73624.0,1.6124468994140626,-4.88583984375,-5.614225158691407,983.438720703125
73758.0,0.27542724609375,1.6390914916992188,2.5700056457519533,983.438720703125
73823.0,-5.4726196289062505,-14.848821716308594,-1.312321014404297,983.438720703125
73891.0,4.154161376953125,-7.856562194824219,1.6510665893554688,983.438720703125
73956.0,1.742227020263672,-9.38892562866211,0.469423828125,983.438720703125
74024.0,1.6875906372070313,-7.432194671630859,-1.203347625732422,983.438720703125
74159.0,2.0445982360839845,-14.470408630371095,-1.6663348388671877,983.438720703125
74291.0,2.1544697570800784,-15.333513793945313,-5.6091357421875,983.438720703125
74358.0,2.854414215087891,-19.074085235595703,-2.476150817871094,983.438720703125
74424.0,0.8756790161132812,-10.458750915527345,-2.065854034423828,983.438720703125
74491.0,-2.6900559997558595,-0.6336323547363282,0.6294410705566407,983.3246612548828
74558.0,-2.567311248779297,0.39398071289062503,0.2938389587402344,983.3246612548828
74691.0,3.2953971862792972,-4.322860565185547,-6.017037506103516,983.3246612548828
74758.0,0.9948312377929688,-6.748266906738282,-14.397510223388673,983.3246612548828
74824.0,2.8110044860839847,-10.889405364990235,-4.540208587646484,983.3246612548828
74958.0,5.472769317626954,-10.390792236328126,0.47481262207031255,983.3246612548828
75105.0,0.053738250732421874,-7.9396394348144534,-2.1017793273925784,983.3246612548828
75233.0,-0.5755531311035157,-15.211367797851564,-6.032006378173828,983.3246612548828
75291.0,-3.103645935058594,-20.71587112426758,-3.883224792480469,983.3246612548828
75358.0,3.5982174682617187,-15.802189178466797,-3.9872584533691406,983.3246612548828
75423.0,0.8641529846191407,-18.548827514648437,3.2250434875488283,983.3246612548828
75491.0,-1.4061758422851562,-4.968018951416016,0.7682025146484376,983.1881713867188
75557.0,-1.753303985595703,0.4378395080566406,-0.0868194580078125,983.1881713867188
75624.0,-1.6432827758789064,-0.572259979248047,-0.4980143737792969,983.1881713867188
75724.0,1.9299366760253907,-2.7873536682128908,-6.3917083740234375,983.1881713867188
75754.0,3.833079071044922,-5.078189849853516,-7.583230590820313,983.1881713867188
75824.0,2.0378622436523437,-7.729027404785157,-14.684613189697266,983.1881713867188
75891.0,4.923860778808594,-13.016033020019531,1.799707489013672,983.1881713867188
75958.0,-4.01689682006836,-11.332334289550781,-1.689536590576172,983.1881713867188
76024.0,4.162543945312501,-11.34850067138672,1.2719050598144532,983.1881713867188
76124.0,0.8276289367675782,-6.77835433959961,-0.6661148071289062,983.1881713867188
76188.0,2.8240274047851566,-9.369615783691406,-0.06661148071289062,983.1881713867188
76291.0,-0.03697311401367188,-13.30283660888672,-1.4605128479003906,983.1881713867188
76357.0,0.29458740234375,-16.908388824462893,-4.004322967529297,983.1881713867188
76424.0,0.9653425598144532,-14.151272277832032,-7.253316650390626,983.1023406982422
76491.0,-2.6024880981445313,-18.010696563720703,4.625830535888672,983.1023406982422
76557.0,1.320703582763672,-12.421319732666015,-2.702629852294922,983.1023406982422
76624.0,-0.23995101928710938,-1.17116455078125,0.2501298522949219,983.1023406982422
76691.0,-2.1296214294433593,-0.9785151672363281,-0.3718267822265625,983.1023406982422
76757.0,0.5517526245117188,-2.6312283325195316,-3.2323782348632815,983.1023406982422
76825.0,3.632795562744141,-2.648292846679688,-6.018833770751954,983.1023406982422
76891.0,-2.848426666259766,-2.424807586669922,-2.668351135253906,983.1023406982422
76959.0,8.349636840820313,-38.281393432617186,-5.322481842041016,983.1023406982422
77091.0,4.432133331298829,-15.373630371093752,1.9235000610351562,983.1023406982422
77157.0,6.361171875,-9.038055267333984,0.7728428649902345,983.1023406982422
77262.0,0.31255004882812504,-8.29440170288086,-0.9021739196777344,983.1023406982422
77288.0,0.8548722839355469,-8.312514038085938,-1.1787986755371094,983.1023406982422
77357.0,2.318977661132813,-10.93895233154297,0.3219804382324219,983.1023406982422
77424.0,2.012864227294922,-15.156731414794923,-3.60929443359375,983.1023406982422
77491.0,2.198478240966797,-18.691929931640626,0.20148101806640625,983.1023406982422
77591.0,-2.099983062744141,-16.57248733520508,4.156257019042969,983.1023406982422
77624.0,-1.6911831665039063,-16.580271148681643,-0.0014968872070312501,983.1023406982422
77728.0,0.4613406372070313,-3.7685632324218754,0.33859588623046877,983.1023406982422
77754.0,-2.2697300720214844,-1.507365417480469,-0.28725265502929687,983.1023406982422
77891.0,1.3882131958007813,-2.374661865234375,-3.439996490478516,983.1023406982422
77958.0,2.758463745117188,-3.7050952148437504,-5.0966015625,983.1023406982422
78024.0,8.098459167480469,-25.291106872558593,-5.466033325195313,983.1023406982422
78124.0,-0.06451583862304688,-1.725312194824219,-1.349593505859375,983.1023406982422
78154.0,-2.8924351501464844,-14.912738800048828,-2.2908361816406253,983.1023406982422
78262.0,3.366050262451172,-8.321046295166017,0.11346405029296876,983.2319641113281
78288.0,1.0112969970703125,-8.801996154785156,0.14669494628906252,983.2319641113281
78358.0,0.6890171813964844,-8.878038024902343,-0.8063731384277344,983.2319641113281
78497.0,1.7209712219238282,-14.337784423828126,-2.185305633544922,983.2319641113281
78557.0,1.2048445129394532,-17.459692382812502,-1.4148577880859377,983.2319641113281
78624.0,-0.19699035644531251,-11.952794036865235,-7.364535369873047,983.2319641113281
78691.0,1.550775146484375,-13.736784210205078,4.774172058105469,983.2319641113281
78757.0,0.03382965087890625,-14.295272827148438,-2.379302215576172,983.2319641113281
78824.0,-0.06930587768554688,-2.878514099121094,0.0724493408203125,983.2319641113281
78891.0,-2.5938061523437503,-2.947071533203125,-0.6851252746582032,983.2319641113281
78958.0,0.3788621520996094,-2.1706361389160156,-2.4962091064453125,983.2319641113281
79025.0,1.6610957336425782,-1.3561798095703126,-4.496050415039063,983.2319641113281
79158.0,21.065244598388674,-31.777867584228517,-9.485474853515626,983.2319641113281
79263.0,-1.9543359375,-14.052777099609376,-2.358645172119141,983.3033752441406
79286.0,-1.996248779296875,-19.28843948364258,-2.6436524963378907,983.3033752441406
79358.0,5.656437377929688,-8.787476348876954,-0.15627502441406252,983.3033752441406
79424.0,0.8337661743164063,-10.097252655029298,0.681233367919922,983.3033752441406
79491.0,1.4826667785644532,-8.434510345458985,-0.8704399108886719,983.3033752441406
79557.0,2.2308110046386718,-8.881780242919922,-0.4508624267578125,983.3033752441406
79691.0,-0.8976832580566406,-9.937834167480469,0.2411485290527344,983.3033752441406
79757.0,0.03817062377929688,-12.62549514770508,-0.38514907836914064,983.3033752441406
79824.0,-0.429906005859375,-13.04851547241211,2.179617462158203,983.3033752441406
79957.0,1.0124945068359374,-9.644444274902344,-0.6393205261230469,983.3033752441406
80111.0,-1.5877482604980468,-7.9502673339843755,-1.0794053649902344,983.3033752441406
80223.0,-0.5022056579589844,-7.782316589355469,-0.7384144592285157,983.3033752441406
80289.0,0.3909869384765625,-7.633076934814453,0.32108230590820314,983.3033752441406
80357.0,-2.0511845397949218,-8.984466705322266,-0.7533833312988282,983.3033752441406
80425.0,-2.0213964843750003,-8.881031799316407,-1.2256512451171875,983.3033752441406
80491.0,-1.8342855834960938,-11.429182891845704,-0.645457763671875,983.3033752441406
80558.0,-0.47181884765625004,-10.785671081542969,1.2247531127929687,983.3033752441406
80691.0,-1.2370275878906252,-9.294771423339844,1.7582437133789064,983.3033752441406
80757.0,-1.7868342590332031,-9.967622222900392,-0.5107379150390625,983.3033752441406
80824.0,-1.1737092590332032,-9.683213653564454,0.4153861999511719,983.3033752441406
80891.0,-1.5419435119628908,-9.647438049316406,0.13666580200195313,983.3033752441406
80956.0,-1.1020083618164063,-9.677525482177735,0.305364990234375,983.3033752441406
81024.0,-1.3428575134277345,-9.5944482421875,0.14879058837890627,983.3033752441406
81123.0,-1.2412188720703126,-9.77123062133789,0.009131011962890626,983.0747985839844
