3559.0,-9.736802215576173,-3.6503091430664063,-1.5621514892578126
3626.0,-9.401798858642579,-3.5736685180664063,-1.696721649169922
3692.0,-8.401429138183595,-3.5477723693847656,-1.8329383850097658
3759.0,-8.12151123046875,-3.303929443359375,-1.811532897949219
3826.0,-7.706723785400391,-2.7027795410156252,-1.2597802734375
3892.0,-8.524024200439454,-2.0877085876464845,-0.41912841796875
3959.0,-10.201885070800781,-1.4217434692382813,-0.8806187438964844
4026.0,-10.693013763427736,-2.6939479064941407,-1.1847862243652345
4092.0,-11.123668212890626,-3.124153289794922,-0.7626640319824219
4159.0,-13.05809555053711,-3.607797546386719,-0.861009521484375
4226.0,-10.575807495117187,-0.21615051269531252,-1.106349334716797
4292.0,-9.537716217041016,-2.3501129150390625,-1.8059944152832033
4359.0,-10.749446411132814,-3.413052520751953,-1.371148681640625
4426.0,-9.525441741943359,-3.7649707031250004,-0.9657916259765625
4492.0,-7.717351684570313,-3.440146179199219,-0.9587562561035157
4559.0,-7.298223266601563,-3.486998748779297,-0.7030879211425781
4626.0,-6.505771179199219,-3.9110668945312503,-0.4079017639160156
4692.0,-7.592062225341797,-4.760251007080078,-0.5557942199707031
4759.0,-10.753038940429688,-5.3157458496093755,-1.692081298828125
4828.0,-13.365256805419923,-5.954467620849609,-0.24818389892578127
4892.0,-12.21894058227539,-1.0912307739257814,-1.3552816772460938
4958.0,-9.985734558105468,-1.2120295715332032,-2.2962249755859374
5026.0,-7.64490234375,-2.9788055419921875,-1.9740948486328127
5092.0,-6.174959106445312,-3.096460876464844,-0.6289920043945313
5159.0,-6.065237274169922,-3.7748501586914065,-0.18067428588867188
5228.0,-8.712781677246094,-3.404370574951172,-0.1011895751953125
5292.0,-12.089010772705079,-4.3733056640625,-0.4939727783203125
5359.0,-13.422737274169922,-3.5920802307128907,-1.165027313232422
5426.0,-12.025692443847657,-0.101788330078125,-1.8696121215820314
5492.0,-11.902199249267579,-1.3093272399902345,-1.6543597412109377
5559.0,-12.136911163330078,-3.5161880493164066,-1.2231065368652345
5628.0,-10.361453247070314,-4.556973724365235,-1.7298028564453125
5691.0,-7.7812687683105475,-4.130809936523438,-2.1311183166503906
5759.0,-6.687942352294923,-4.501738586425781,-1.0222242736816407
5826.0,-5.878425750732422,-5.187462615966797,-0.49292495727539065
5892.0,-6.7473687744140625,-6.483168182373047,-0.28410919189453127
5959.0,-11.67901336669922,-8.051157531738282,-1.8179695129394533
6026.0,-12.211456146240234,-4.5548780822753905,0.11900253295898439
6092.0,-12.583432617187501,-2.2740710449218753,-1.0279124450683594
6159.0,-9.329199829101563,-2.566113739013672,-1.9645147705078125
6226.0,-6.5863037109375,-2.7400520324707034,-1.400936737060547
6292.0,-6.261778564453126,-3.207080841064453,-0.2363584899902344
6359.0,-8.154442749023438,-4.143533477783203,0.36539016723632817
6426.0,-10.480904846191407,-4.203109588623047,0.20881576538085939
6492.0,-12.299772491455078,-3.3895513916015627,-0.07259902954101563
6559.0,-13.022619323730469,-3.480562133789063,-0.21644989013671875
6626.0,-11.698472900390625,-1.1470646667480469,-1.610500946044922
6692.0,-11.799363098144532,-2.6997857666015626,-0.8241860961914063
6759.0,-11.289223937988282,-4.495751037597657,-1.8973045349121094
6826.0,-9.584718475341797,-5.272186431884766,-2.1794677734375
6892.0,-8.300688629150391,-5.272485809326172,-1.4879058837890626
6959.0,-7.167245635986329,-5.084027709960938,-0.8529263305664063
7028.0,-6.325995025634766,-5.036277008056641,-0.8815168762207032
7092.0,-6.389313354492188,-5.876330108642579,-0.6360273742675782
7159.0,-9.670939178466798,-8.191715240478516,-1.5753240966796875
7226.0,-10.955717468261719,-6.012397155761719,-0.36598892211914064
7292.0,-11.499087524414064,-3.993096313476563,-3.1509475708007812
7359.0,-10.410251770019531,-4.302203521728516,-1.4042298889160156
7426.0,-8.263416137695312,-4.276606750488281,-0.14040802001953126
7492.0,-7.538473663330079,-4.934788055419922,0.8840615844726563
7559.0,-6.85215087890625,-4.862787780761719,1.6724720764160157
7626.0,-8.021519165039063,-4.123175811767578,0.948278045654297
7692.0,-10.00354751586914,-3.277434539794922,0.34982254028320314
7759.0,-12.02674026489258,-2.4649241638183597,0.5092410278320313
7828.0,-14.616654510498048,-4.025129699707032,-0.6138734436035157
7892.0,-13.828992462158205,-0.4819976806640625,-0.9009764099121094
7959.0,-13.110187225341798,-2.442321166992188,-2.1619541931152346
8026.0,-12.779075775146485,-5.745651855468751,-3.9029837036132813
8092.0,-10.421478424072266,-6.457272033691407,-4.16972900390625
8159.0,-8.590785369873048,-5.859714660644531,-3.5675312805175783
8226.0,-5.85148178100586,-5.219645690917969,-1.952839050292969
8292.0,-4.434079284667969,-4.719385986328125,-1.5750247192382814
8359.0,-4.7373486328125,-5.547014923095704,-1.3238470458984375
8426.0,-7.3287597656250005,-6.604416046142578,-0.7252418518066407
8492.0,-13.97014892578125,-11.739337921142578,-0.3384461975097656
8559.0,-16.034805450439453,-6.928342437744141,1.8101856994628907
8626.0,-13.143567810058594,-1.311123504638672,0.8265811157226562
8691.0,-11.109747161865235,-4.346810760498047,-0.9979747009277344
8759.0,-9.115743713378906,-3.722758483886719,-0.6521937561035157
8826.0,-7.664960632324219,-2.4004083251953126,-0.7464976501464844
8892.0,-7.487579498291016,-2.888094177246094,-1.6205300903320314
8959.0,-7.5556878662109375,-3.3286280822753906,-1.9824774169921875
9028.0,-7.593259735107423,-3.0171258544921877,-3.3796719360351566
9092.0,-9.752070465087892,-3.4599050903320316,-4.18933822631836
9159.0,-11.265423431396485,-1.9869680786132813,-3.790118408203125
9228.0,-12.312496032714844,-3.354224853515625,-2.3020628356933597
9292.0,-11.598780212402344,0.31883697509765624,-3.1915132141113283
9359.0,-11.356883239746095,-2.9190797424316406,-1.8893710327148439
9428.0,-11.273356933593751,-5.444777526855469,-1.5344590759277346
9492.0,-8.957073669433594,-5.529950408935547,-1.2916639709472657
9559.0,-7.111561431884766,-5.145549774169922,-1.6157400512695312
9626.0,-6.642886047363281,-4.556374969482422,-1.199605407714844
9692.0,-6.197412414550781,-4.499343566894532,-1.5425422668457032
9759.0,-7.432793426513673,-6.224057006835938,-1.7705181884765626
9826.0,-9.96522720336914,-5.303770751953126,-2.003134460449219
9892.0,-11.955937500000001,-6.883286132812501,-2.768492889404297
9958.0,-11.804901580810547,-2.0477416992187503,-3.405568084716797
10026.0,-11.612850952148438,-1.4242881774902345,-3.313060455322266
10092.0,-8.93581787109375,-2.521805877685547,-1.5404466247558595
10159.0,-7.294031982421876,-2.653531951904297,-2.0615130615234376
10226.0,-6.485712890625,-3.4997222900390628,-0.699345703125
10292.0,-6.848708038330079,-3.095413055419922,-1.6567547607421875
10359.0,-9.000333709716797,-3.185226287841797,-2.794688415527344
10426.0,-10.646460571289063,-2.858006744384766,-1.447489929199219
10492.0,-12.595557403564454,-4.278702392578126,-0.28994705200195314
10559.0,-11.819571075439454,-1.3407618713378906,-1.5561639404296876
10626.0,-11.096724243164063,-3.4847534179687503,-0.8797206115722657
10691.0,-11.048973541259766,-4.434827728271484,-0.2951861572265625
10759.0,-9.594298553466798,-5.215753784179688,-0.4764591979980469
10826.0,-9.072932739257812,-6.172713775634766,0.023800506591796878
10892.0,-7.105274505615235,-5.531896362304688,0.5870791625976562
10959.0,-5.620063018798828,-5.107678527832031,0.22752685546875
11028.0,-6.788682861328125,-6.214476928710938,-0.7981402587890626
11092.0,-9.162895660400391,-5.670657806396485,-0.6483018493652344
11159.0,-11.087742919921876,-5.612728271484375,-2.4105871582031253
11225.0,-10.581795043945313,-2.7187962341308594,-2.303859100341797
11292.0,-11.203003234863282,-1.842817840576172,-3.363804931640625
11359.0,-9.902357940673829,-2.7961853027343753,-1.8540444946289063
11428.0,-8.334069213867188,-2.312091979980469,-1.7657281494140626
11492.0,-7.952213287353516,-2.8154951477050782,-1.4205459594726564
11559.0,-9.648934936523437,-2.250120849609375,-0.6834786987304687
11626.0,-10.43839324951172,-3.953877868652344,-0.8527766418457031
11692.0,-10.641969909667969,-4.736151123046875,-0.5846841430664063
11759.0,-12.015064544677735,-6.135291595458985,0.22887405395507815
11826.0,-11.314221954345705,-2.3776556396484376,-1.107846221923828
11892.0,-11.628867645263673,-4.259542236328125,-0.6905140686035156
11959.0,-10.107730865478516,-5.300327911376954,-0.001347198486328125
12026.0,-6.9572323608398445,-5.032684478759766,-0.2912942504882813
12092.0,-5.801336059570313,-4.311184844970703,-0.45640090942382816
12159.0,-5.760321350097657,-4.48153060913086,-0.27138565063476566
12226.0,-7.156617736816407,-5.8103173828125,-0.4547543334960938
12292.0,-9.696685638427734,-6.294710083007812,-0.22917343139648438
12359.0,-11.962823181152345,-6.017785949707031,0.42047561645507814
12428.0,-11.83903060913086,-2.8298652648925784,-0.20462448120117188
12492.0,-9.944420471191407,-2.2641915893554687,-1.9691551208496094
12559.0,-8.892557830810548,-3.0252090454101563,-1.40587646484375
12626.0,-7.856711883544922,-2.8364515686035157,-0.7122189331054688
12692.0,-8.85483627319336,-2.9298573303222657,-0.8446934509277344
12759.0,-10.427765350341797,-3.2919543457031253,-0.6938072204589845
12826.0,-10.617420959472657,-3.5589990234375,-0.4752616882324219
12892.0,-13.241763610839845,-6.641089782714844,-1.6768130493164064
12959.0,-11.102113037109376,-2.12917236328125,-1.317410430908203
13026.0,-11.062445526123048,-4.41402099609375,-1.1305989074707032
13092.0,-11.251203002929689,-5.836063842773438,-0.6849755859375001
13159.0,-9.437275085449219,-5.854026489257813,-0.2389031982421875
13226.0,-7.598498840332032,-5.312752075195313,-0.9792636108398438
13292.0,-6.563101959228516,-4.916376342773438,-0.39667510986328125
13359.0,-5.874683532714844,-5.170547790527344,-0.137713623046875
13428.0,-6.652017059326172,-5.302722930908203,-0.23725662231445313
13492.0,-10.319540405273438,-7.527097320556641,-0.7598199462890626
13559.0,-12.065509643554687,-5.593717803955078,0.6024971008300781
13628.0,-11.562405853271486,-4.071832580566406,-2.219135284423828
13692.0,-10.854976959228516,-5.087919616699219,-0.5869294738769532
13759.0,-8.676706695556641,-5.193300476074219,0.6548881530761719
13828.0,-7.3143896484375,-4.983137512207032,1.8315911865234376
13892.0,-6.7683251953125,-4.899611206054688,1.7131874084472658
13959.0,-8.343050537109375,-4.173620910644532,1.1597882080078126
14026.0,-9.776020660400391,-3.873794403076172,0.9035211181640626
14092.0,-11.682605895996094,-3.066672821044922,0.04071533203125
14159.0,-12.254267120361328,-3.317251739501953,-2.100282440185547
14228.0,-11.958631896972657,-2.0079244995117187,-3.1925610351562503
14292.0,-12.946128387451173,-1.297950897216797,-1.3873150634765625
14359.0,-13.092224578857422,-3.3498838806152347,-2.9449758911132813
14426.0,-12.261601867675783,-5.978268127441407,-3.5317556762695315
14492.0,-9.884395294189453,-6.129902801513672,-3.3843122863769532
14559.0,-8.382568359375,-5.911656646728516,-2.0969892883300782
14626.0,-6.273304595947266,-4.818629608154297,-1.1701167297363282
14692.0,-6.008056182861329,-5.026846618652344,-0.8301736450195313
14759.0,-7.392676849365235,-5.209466857910156,-0.0034428405761718754
14828.0,-10.20083724975586,-6.725214843750001,-0.15432907104492188
14892.0,-10.867550811767579,-6.112987976074219,1.0103988647460938
14958.0,-11.064541168212891,-4.187541961669922,1.08015380859375
15028.0,-11.536060638427735,-4.548441467285157,0.9563612365722657
15092.0,-10.67789520263672,-4.538711700439453,0.20926483154296877
15159.0,-8.730894012451172,-3.2859667968750004,0.011975097656250001
15228.0,-8.282127227783203,-3.455713806152344,-0.8545729064941406
15292.0,-8.322543182373048,-2.9020152282714844,0.37781433105468754
15359.0,-9.706415405273438,-1.46335693359375,0.6975494384765626
15428.0,-10.946287078857422,-0.871637420654297,-0.10702743530273438
15492.0,-13.60460906982422,-0.4843927001953125,0.7934999084472657
15559.0,-11.799363098144532,-0.11840377807617188,-1.4415023803710938
15628.0,-12.537627868652345,-3.267405395507813,-2.1668939208984375
15692.0,-12.971725158691408,-3.833079071044922,-1.00351318359375
15759.0,-11.869267730712892,-4.983436889648438,-1.2948074340820312
15828.0,-9.368268585205078,-5.464536437988282,-0.49247589111328127
15892.0,-7.471562805175782,-4.7900390625,-0.12843292236328124
15959.0,-5.412444763183594,-4.267475738525391,0.017064514160156252
16026.0,-5.293292541503907,-3.8669087219238283,0.07993377685546875
16092.0,-7.055428161621094,-4.303550720214844,-0.40730300903320316
16159.0,-10.54572006225586,-6.232140197753907,-0.6950047302246094
16228.0,-15.527210998535157,-7.135361938476563,-0.7848179626464844
16292.0,-14.575190734863282,-4.65397201538086,0.21001327514648438
16359.0,-12.727133789062501,-1.5450869750976564,-0.9895921325683594
16428.0,-10.058183898925781,-0.22842498779296877,-1.213077392578125
16492.0,-8.795858917236329,-1.1415261840820312,-0.11780502319335938
16559.0,-7.6227484130859375,-1.9187100219726563,0.39577697753906255
16626.0,-8.400980072021484,-3.004552001953125,0.9277706909179688
16692.0,-9.653126220703125,-1.9871177673339844,0.5755531311035157
16759.0,-10.973680114746095,-3.288062438964844,-0.16555572509765626
16826.0,-12.605586547851564,-5.426964569091798,-0.018711090087890625
16892.0,-14.400054931640625,-6.358926544189454,1.0108479309082032
16959.0,-9.659862213134765,-3.3319212341308595,0.17738113403320313
17028.0,-10.068662109375001,-5.695057067871094,-0.1383123779296875
17092.0,-8.44244384765625,-5.506149902343751,0.5412744140625
17159.0,-6.499783630371094,-4.605472869873047,1.021475830078125
17228.0,-5.395380249023438,-4.075425109863281,1.0587483215332032
17292.0,-5.996530151367188,-3.9380108642578127,0.43304946899414065
17359.0,-8.860973510742188,-4.832251281738282,-1.1776011657714844
17427.0,-11.892020416259767,-6.571783905029297,-0.27677444458007816
17492.0,-13.211676177978516,-6.743177490234375,-1.3539344787597658
17559.0,-10.88820785522461,-3.1615754699707033,-1.387614440917969
17626.0,-10.018217010498047,-2.0802241516113282,-3.6598892211914062
17692.0,-9.800419921875001,-2.9657826232910156,-1.9749929809570312
17759.0,-9.247469787597657,-2.169438629150391,-0.3740721130371094
17828.0,-8.524473266601563,-2.96742919921875,0.19354751586914062
17891.0,-9.258846130371094,-2.7918443298339843,0.39128631591796875
17959.0,-10.766361236572266,-4.253255310058594,0.5444178771972656
18027.0,-10.585836639404297,-5.006339263916016,0.42466690063476564
18092.0,-11.05585922241211,-5.318440246582032,-0.14699432373046875
18159.0,-11.237281951904297,-4.261338500976563,-1.3226495361328126
18228.0,-12.251872100830079,-5.845643920898437,-0.33829650878906253
18292.0,-10.14814682006836,-5.847889251708985,0.3826043701171875
18359.0,-7.222480773925781,-5.369484100341797,0.077838134765625
18428.0,-5.699847106933594,-4.965923309326172,0.12888198852539062
18492.0,-5.049000549316406,-4.897515563964844,0.6589297485351563
18559.0,-6.281238098144532,-5.504802703857422,0.21420455932617188
18626.0,-9.743089141845704,-6.591842193603516,-0.6691085815429688
18692.0,-11.660751342773438,-6.642436981201172,1.1322454833984374
18759.0,-12.217743072509766,-4.284540252685547,-0.5607339477539063
18826.0,-12.68447250366211,-2.652184753417969,-0.5053491210937501
18892.0,-10.565928039550782,-2.7698400878906253,-1.7368382263183595
18959.0,-7.940836944580078,-2.0838166809082033,-2.2938299560546875
19028.0,-8.104297027587892,-3.629203033447266,-0.9289682006835938
19092.0,-9.22366928100586,-2.9523106384277344,0.06960525512695313
19159.0,-10.743907928466797,-3.869603118896485,-0.20642074584960937
19228.0,-12.257260894775392,-3.77978988647461,-0.24908203125
19292.0,-13.321847076416017,-4.865931243896485,-0.9357041931152345
19359.0,-11.184441833496095,-0.9298663330078125,-1.8208135986328127
19428.0,-12.850926361083985,-3.8914576721191407,-1.2867242431640626
19492.0,-12.421768798828126,-5.771847381591797,-0.5393284606933594
19559.0,-9.763895874023438,-5.483546905517579,-0.8084687805175782
19628.0,-6.587201843261719,-5.08028549194336,0.3351530456542969
19692.0,-6.113886108398438,-4.476890258789063,0.5568420410156251
19759.0,-5.68622543334961,-5.129533081054688,0.021405487060546877
19826.0,-6.7915269470214845,-5.658083953857422,0.0041912841796875
19892.0,-10.726693725585939,-7.630681915283204,-1.1536509704589843
19958.0,-12.316687316894532,-4.162843322753907,0.0032931518554687503
20028.0,-12.492421875,-3.661835174560547,0.2824626159667969
20092.0,-11.524235229492188,-3.437751159667969,0.10103988647460938
20159.0,-8.967851257324218,-2.4897724914550783,0.10223739624023438
20226.0,-7.914791107177734,-2.7189459228515624,-0.6997947692871094
20292.0,-8.879085845947266,-3.031495971679688,0.3836521911621094
20359.0,-11.612102508544922,-2.9738658142089847,0.5063969421386719
20428.0,-12.932207336425781,-2.2122496032714847,-0.38200561523437504
20492.0,-13.27274917602539,-3.5154396057128907,-1.5486795043945314
20559.0,-12.856315155029298,-1.0629396057128906,-3.1751971435546875
20626.0,-13.440550231933594,-3.438948669433594,-2.1225860595703128
20692.0,-12.424762573242187,-6.095025329589844,-1.5917898559570314
20759.0,-9.566456451416016,-5.8969871520996096,-1.5871495056152345
20826.0,-7.252119140625,-5.188510437011719,-0.6541397094726563
20892.0,-5.938600616455078,-4.585713958740235,-0.06077362060546875
20959.0,-6.03829330444336,-4.4598257446289065,0.15328125
21029.0,-6.885082397460938,-4.721182250976563,0.128133544921875
21092.0,-9.752369842529298,-6.859785003662109,-1.055006103515625
21159.0,-11.783346405029297,-7.283553771972657,0.6352789306640625
21226.0,-12.707674255371094,-5.695655822753906,1.1487112426757813
21292.0,-13.22140594482422,-4.462220764160157,0.6448590087890625
21359.0,-11.955338745117189,-4.215833129882813,0.31030471801757814
21428.0,-8.952433319091798,-3.7074902343750002,0.00508941650390625
21492.0,-8.21731201171875,-3.858077087402344,0.5499563598632813
21559.0,-7.93993881225586,-3.593577117919922,1.4024336242675781
21626.0,-9.02727767944336,-2.6270370483398438,0.7860154724121095
21692.0,-10.938353576660157,-2.596201171875,-0.24893234252929688
21759.0,-11.850406951904297,-2.688259735107422,-1.1094927978515625
21826.0,-13.477972412109375,-3.4524206542968754,-1.5917898559570314
21892.0,-13.146561584472657,-2.0040325927734375,-2.730172576904297
21959.0,-13.062586212158203,-5.439388732910157,-1.9188597106933594
22026.0,-14.47310302734375,-6.799909515380859,-1.7094451904296877
22092.0,-9.7285693359375,-6.039790191650391,-2.588417358398438
22159.0,-7.721842346191407,-4.737947387695312,-1.931283874511719
22228.0,-5.968688049316406,-4.478985900878906,-0.825084228515625
22292.0,-4.503534851074219,-4.2008642578125,-0.2704875183105469
22359.0,-5.304369506835938,-3.8645137023925784,0.32287857055664065
22428.0,-8.13917449951172,-4.901557159423828,1.04662353515625
22492.0,-14.40319839477539,-8.036488037109375,0.7842192077636719
22559.0,-16.22416168212891,-7.032974853515626,1.6959732055664063
22626.0,-13.291460266113281,-3.3799713134765628,0.32287857055664065
22692.0,-12.774884490966798,-3.3030313110351566,0.021405487060546877
22759.0,-9.53936279296875,-2.535277862548828,0.4620890808105469
22828.0,-8.62970443725586,-2.049238586425781,1.5646961975097657
22892.0,-8.627908172607423,-1.4305751037597656,0.901724853515625
22959.0,-9.04688690185547,-2.02858154296875,0.02155517578125
23029.0,-10.27029281616211,-3.1437625122070316,-1.0434800720214845
23092.0,-11.490704956054689,-2.6203010559082034,-1.8553916931152346
23159.0,-12.435540161132813,-3.221001892089844,-1.4400054931640627
23226.0,-11.761342163085938,-3.899091796875,-1.8288967895507813
23291.0,-11.336824951171875,-5.140310668945313,-1.2978012084960937
23359.0,-9.341174926757812,-5.148244171142578,-0.9861492919921876
23426.0,-6.7826953125000005,-5.1027388000488285,-0.44038421630859376
23492.0,-6.882088623046875,-4.507277069091797,-0.6442602539062501
23559.0,-6.737489318847657,-4.891677703857422,-0.13711486816406251
23626.0,-8.099207611083985,-5.306165771484375,-0.5285508728027344
23692.0,-9.198970642089844,-5.217849426269532,-0.13412109375
23759.0,-11.907138977050781,-7.7124119567871094,-0.0963995361328125
23828.0,-11.40119110107422,-2.5638684082031253,-0.3143463134765625
23892.0,-11.41795623779297,-1.249152374267578,-0.4463717651367188
23958.0,-10.397827606201172,-2.721939697265625,-0.9961784362792969
24026.0,-8.22300018310547,-3.04406982421875,-0.7279362487792969
24092.0,-7.5998460388183595,-3.2936009216308597,-0.7306306457519531
24159.0,-8.124505004882813,-2.7430458068847656,-0.6613247680664063
24227.0,-9.495803375244142,-3.1156210327148437,-1.1307485961914063
24292.0,-10.973979492187501,-3.1774424743652347,-1.393751678466797
24359.0,-13.270354156494141,-5.158423004150391,-1.6395405578613282
24426.0,-11.820918273925782,-1.5343093872070312,-2.6406587219238284
24492.0,-11.475586395263672,-4.741090850830078,-1.289418640136719
24559.0,-9.885293426513673,-5.499264221191407,-0.7318281555175782
24626.0,-7.562124481201172,-4.8156358337402345,-0.8515791320800782
24691.0,-6.015989685058594,-4.1498204040527344,-0.44262954711914065
24759.0,-6.233786773681641,-4.701123962402344,-0.19579284667968752
24826.0,-7.2582563781738285,-5.71257064819336,-0.5152285766601563
24892.0,-9.914333038330078,-6.2631257629394534,-0.4093986511230469
24958.0,-12.419224090576172,-7.008425903320313,-1.2055929565429688
25026.0,-11.269165649414063,-2.8304640197753907,0.10208770751953125
25092.0,-10.064470825195313,-1.7862355041503908,-1.3359718322753906
25159.0,-8.853189697265625,-3.520229644775391,-1.4242881774902345
25228.0,-7.356901245117188,-3.0563442993164065,0.16929794311523438
25292.0,-8.143814849853516,-3.447181549072266,-0.48693740844726563
25359.0,-10.101294250488282,-2.48842529296875,-0.1734892272949219
25427.0,-11.581266632080078,-2.6101222229003906,-0.7170089721679688
25492.0,-12.840897216796876,-4.238286437988282,-2.489473114013672
25559.0,-10.632240142822265,-2.2671853637695314,-0.19534378051757814
25628.0,-11.014096069335938,-3.257376251220703,-1.6387921142578126
25692.0,-11.534713439941406,-5.05109619140625,-0.9463320922851562
25759.0,-9.651629333496095,-5.095853118896485,-1.1554472351074219
25828.0,-6.853947143554688,-4.89347396850586,-1.0671308898925782
25892.0,-6.1206221008300785,-4.828509063720704,-0.7119195556640625
25959.0,-6.2351339721679695,-5.018913116455078,-0.6372248840332032
26028.0,-7.924820251464844,-6.260131988525391,-0.1299298095703125
26092.0,-11.837234344482422,-8.689729614257812,-0.7285350036621094
26159.0,-10.667566680908203,-5.262756042480469,1.2021501159667969
26228.0,-10.738519134521486,-2.2004241943359375,-1.009650421142578
26292.0,-9.275162200927735,-3.421135711669922,-1.3533357238769532
26359.0,-7.6175093078613285,-4.247267761230469,-0.871787109375
26427.0,-7.434140625,-3.9151084899902346,-0.6731501770019531
26492.0,-9.297465820312501,-3.4741255187988282,-0.6104306030273438
26559.0,-11.14971405029297,-3.2058833312988284,-0.40655456542968754
26626.0,-11.120375061035157,-3.4872981262207032,-1.0210267639160158
26692.0,-13.457015991210938,-6.432124328613281,-1.2877720642089845
26759.0,-10.412497100830079,-2.4459136962890624,-0.918340301513672
26828.0,-10.709928588867188,-4.664749603271485,-0.8303233337402344
26892.0,-11.219918060302735,-6.400839385986329,0.03936813354492188
26959.0,-9.359886016845703,-6.267466735839844,0.5010081481933594
27026.0,-6.52642822265625,-5.300926666259766,0.09535171508789063
27092.0,-5.565127258300781,-5.3209849548339845,0.0425115966796875
27159.0,-5.313201141357422,-5.332061920166016,0.19639160156250002
27228.0,-7.590415649414063,-6.990612945556641,-0.3770658874511719
27292.0,-11.276350708007813,-7.2212832641601565,-1.6616944885253908
27359.0,-11.266022186279297,-6.092929687500001,-0.026943969726562503
27426.0,-11.172317047119142,-2.8840525817871097,-1.9908599853515625
27492.0,-10.611134033203125,-3.3447944641113283,-1.7875827026367188
27559.0,-9.082063751220703,-3.7140765380859375,-0.925675048828125
27626.0,-7.931406555175782,-3.600313110351563,-0.8042774963378907
27692.0,-8.141868896484375,-3.8740937805175784,-1.1204200744628907
27759.0,-9.675579528808594,-3.419938201904297,-0.46493316650390626
27828.0,-10.235265655517578,-3.9139109802246095,-0.3342549133300781
27892.0,-12.090807037353516,-5.9356068420410155,-1.389111328125
27959.0,-10.350975036621094,-4.828209686279297,-0.08816665649414063
28028.0,-9.998607788085938,-4.174369354248047,-0.8689430236816407
28092.0,-10.99837875366211,-5.000800781250001,-0.4770579528808594
28159.0,-10.779982910156251,-5.451663208007813,0.40670425415039063
28226.0,-8.180338897705079,-5.606591033935548,0.501606903076172
28292.0,-7.057972869873047,-5.637277221679688,-0.005239105224609375
28359.0,-5.852978668212891,-5.479355621337891,1.1118878173828126
28428.0,-5.377118225097656,-5.00603988647461,0.35685791015625
28492.0,-9.253157958984376,-5.9902432250976565,-1.2205618286132813
28559.0,-10.542277221679688,-6.605613555908204,-0.6580316162109375
28626.0,-10.167157287597657,-2.554288330078125,-1.7082476806640625
28692.0,-12.487482147216797,-2.013163604736328,-2.745590515136719
28759.0,-10.193502502441406,-4.255949707031251,-1.3395643615722657
28828.0,-7.466473388671876,-3.101400604248047,-2.22497314453125
28892.0,-7.947273559570313,-4.101021881103516,-0.9547146606445313
28959.0,-7.463180236816407,-2.7869046020507815,-0.718505859375
29028.0,-10.286459197998047,-2.669099578857422,-1.4480886840820313
29092.0,-12.258608093261719,-4.2239163208007815,0.012124786376953125
29159.0,-10.895093536376955,-4.653822326660157,-0.6924600219726563
29226.0,-8.880732421875,-4.374054107666016,-0.9886940002441407
29292.0,-9.122928771972656,-4.107009429931641,-0.6948550415039063
29359.0,-9.908944244384767,-4.073329467773438,-0.0712518310546875
29428.0,-9.912686462402345,-4.647385711669922,2.4816893005371097
29492.0,-8.360863494873048,-4.715344390869141,2.3188279724121097
29559.0,-7.930209045410157,-4.909191284179688,1.3217514038085938
29626.0,-7.102280731201172,-5.174589385986328,0.9466314697265625
29692.0,-6.937473449707031,-4.92221420288086,0.07095245361328126
29759.0,-9.03730682373047,-5.5612353515625,-0.6475534057617188
29826.0,-12.230167236328125,-6.523733825683594,-2.6072781372070315
29892.0,-9.364376678466797,-5.672154693603516,0.7403604125976563
29959.0,-8.638985137939454,-1.8613792419433595,-4.1912841796875
30028.0,-8.369844818115235,-3.0057495117187503,-3.546724548339844
30092.0,-9.905651092529297,-3.849544830322266,-0.6951544189453125
30159.0,-9.12547348022461,-3.004701690673828,-0.2582130432128906
30228.0,-9.193581848144532,-2.635569305419922,-0.17244140625
30292.0,-9.544901275634766,-3.0320947265625002,-0.07274871826171875
30359.0,-9.422904968261719,-4.2522074890136725,0.33605117797851564
30427.0,-9.513915710449218,-4.989873504638672,-0.07170089721679689
30492.0,-11.764186248779298,-7.222929840087891,-0.8156538391113282
30559.0,-10.299332427978516,-6.20354965209961,-0.46343627929687503
30626.0,-9.698182525634767,-4.499343566894532,-0.1550775146484375
30692.0,-10.37717056274414,-3.8574783325195314,-1.0624905395507813
30759.0,-9.14553176879883,-5.064268798828126,-0.8099656677246094
30827.0,-7.9149407958984375,-5.723348236083985,-0.8867559814453125
30892.0,-7.333250427246094,-6.417604522705078,-0.3800596618652344
30959.0,-5.564378814697266,-6.037544860839844,1.127904510498047
31026.0,-6.4250889587402344,-4.909939727783203,0.5995033264160157
31092.0,-7.593858489990235,-5.304070129394532,0.6737489318847657
31158.0,-10.264005889892578,-5.532046051025391,1.0470726013183593
31228.0,-12.542866973876954,-6.610553283691407,2.268233184814453
31292.0,-12.624746704101563,-4.023782501220703,1.49688720703125
31359.0,-11.532617797851563,-5.073998565673828,2.305805053710938
31428.0,-9.852361907958985,-4.9564929199218755,1.5042219543457032
31492.0,-8.096213836669921,-3.7953575134277346,0.2698887634277344
31559.0,-5.947132873535157,-3.7988003540039066,-2.449805603027344
31628.0,-6.199657745361328,-5.806874542236328,-0.8626560974121095
31692.0,-8.3873583984375,-4.544399871826172,1.0581495666503906
31758.0,-8.34230209350586,-2.814896392822266,-0.8878038024902344
31828.0,-9.084159393310546,-3.42966796875,-2.4956103515625
31892.0,-8.731941833496094,-2.466720428466797,-1.4046789550781251
31959.0,-10.297685852050781,-1.8089881896972657,-1.8374290466308594
32028.0,-13.706397399902345,-3.443439331054688,-0.9912387084960937
32092.0,-12.153975677490235,-1.9562818908691406,-2.690954132080078
32159.0,-10.986104278564454,-3.9535784912109375,-2.9835955810546877
32226.0,-10.219698028564453,-4.3842329406738285,-0.7598199462890626
32292.0,-9.433383178710939,-5.200635223388672,-0.669407958984375
32359.0,-8.603059844970703,-5.830824737548828,-0.21285736083984377
32426.0,-5.961353302001953,-4.26073974609375,1.2421170043945313
32492.0,-6.0290126037597656,-4.2803489685058596,-0.13666580200195313
32559.0,-7.339687042236329,-5.8212446594238285,-0.4314028930664063
32628.0,-8.448880462646486,-5.940396881103516,-0.3661386108398438
32692.0,-12.823084259033203,-9.162446594238281,-1.1648776245117187
32759.0,-13.667178955078125,-2.518512725830078,0.65384033203125
32828.0,-11.182046813964844,-3.071313171386719,-2.9927265930175784
32892.0,-8.265362091064453,-4.12946273803711,-0.6566844177246094
32959.0,-6.646029510498047,-3.842509460449219,-0.8695417785644531
33028.0,-5.322332153320313,-4.756658477783203,-1.0840457153320313
33092.0,-5.667514343261719,-4.372706909179688,0.5740562438964844
33159.0,-8.461005249023438,-4.627926177978516,-0.923280029296875
33226.0,-12.63806900024414,-4.235292663574219,-0.17154327392578125
33292.0,-14.53866668701172,-5.438041534423828,-0.10044113159179688
33359.0,-12.247830505371095,-3.1449600219726563,-2.654430084228516
33428.0,-11.20000946044922,-4.254153442382813,-0.8994795227050781
33492.0,-11.553873596191407,-6.493796081542969,-0.8481362915039063
33559.0,-9.282347259521485,-6.46939682006836,0.1538800048828125
33628.0,-7.78426254272461,-6.238726501464844,-1.565294952392578
33692.0,-5.826184387207031,-6.070925445556641,0.3728746032714844
33759.0,-4.731061706542969,-4.810546417236329,-0.3059637451171875
33828.0,-6.492598571777344,-7.141199798583985,-1.6564553833007813
33892.0,-9.079219665527344,-8.224796447753906,-0.6261479187011719
33959.0,-11.306138763427734,-4.57209228515625,-0.4105961608886719
34027.0,-12.956157531738281,-2.8828550720214845,-1.778152313232422
34092.0,-11.837833099365234,-3.6109410095214844,0.6957531738281251
34159.0,-10.235565032958984,-3.2611184692382813,-0.87897216796875
34228.0,-5.892346801757813,-3.155138854980469,-0.5031037902832032
34292.0,-6.0402392578125,-3.5221755981445315,-0.10627899169921876
34359.0,-7.8393479919433595,-4.880451049804687,0.2736309814453125
34426.0,-10.585986328125001,-5.936954040527344,0.8569679260253906
34492.0,-13.738430786132813,-7.119045867919922,-0.4571493530273438
34559.0,-12.487781524658203,0.46059219360351566,-1.1057505798339844
34628.0,-11.954141235351564,-3.2132180786132816,-1.3236973571777344
34692.0,-12.561578063964845,-5.56168441772461,-1.3364208984375001
34759.0,-10.154583435058594,-5.606890411376954,-1.632205810546875
34827.0,-6.750063171386719,-5.406457214355469,-1.8077906799316408
34892.0,-5.818400573730469,-4.937332763671876,-1.121018829345703
34959.0,-5.258115692138672,-5.292843475341797,-0.0173638916015625
35028.0,-7.39866439819336,-7.499255218505859,-0.32706985473632816
35092.0,-11.301797790527344,-9.72572525024414,-0.8405021667480469
35159.0,-10.666967926025391,-7.554490356445313,0.8208929443359375
35227.0,-11.856993255615235,-4.497397613525391,-0.904119873046875
35292.0,-9.600435791015625,-4.402944030761719,-0.7020401000976563
35359.0,-7.078929290771485,-4.353696441650391,-1.0675799560546875
35426.0,-5.144202575683594,-4.280648345947266,-0.5965095520019531
35492.0,-7.433990936279297,-4.892575836181641,-0.28306137084960936
35559.0,-10.61083465576172,-4.041445770263672,0.6411167907714844
35628.0,-11.986324310302734,-3.971840515136719,-0.4764591979980469
35692.0,-13.571527862548828,-6.1242146301269536,-1.6130456542968752
35759.0,-11.660152587890625,-3.7010536193847656,-0.5415737915039063
35828.0,-10.746752014160156,-5.97078369140625,-0.7280859375000001
35892.0,-10.039323120117189,-7.425907745361329,-0.2183958435058594
35959.0,-7.561974792480469,-6.431525573730469,0.316142578125
36028.0,-5.2355126953125,-5.478008422851563,0.09116043090820312
36092.0,-5.814508666992188,-4.944517822265626,-0.40386016845703127
36159.0,-6.751410369873048,-5.834117889404297,-0.17034576416015626
36226.0,-8.000862121582031,-7.32636474609375,-0.016615447998046876
36292.0,-12.061018981933595,-8.152197418212891,-0.5508544921875
36359.0,-10.39872573852539,-5.181624755859375,0.9514215087890625
36426.0,-11.120674438476563,-3.4898428344726566,-0.7243437194824219
36492.0,-9.329798583984376,-4.384981384277344,-0.5180726623535157
36559.0,-7.91314453125,-4.647535400390625,-0.8391549682617188
36628.0,-7.914192352294922,-3.193309478759766,-0.3065625
36692.0,-8.86770950317383,-3.642974395751953,-0.030686187744140628
36759.0,-10.577154693603516,-3.8547839355468754,-0.042810974121093755
36826.0,-11.034603424072266,-5.596112823486329,-0.08607101440429688
36892.0,-11.264076232910156,-5.726791076660157,-0.6200106811523438
36959.0,-10.508447570800781,-4.488266601562501,-1.6091537475585938
37028.0,-11.264076232910156,-6.5608566284179695,-0.4915777587890625
37092.0,-10.01207977294922,-7.0364176940917975,0.34667907714843754
37159.0,-8.217461700439454,-6.325545959472657,0.7936495971679688
37226.0,-6.483018493652344,-5.795198822021485,0.36359390258789065
37292.0,-5.474715270996094,-5.3703822326660156,0.36643798828125
37359.0,-5.206473083496094,-5.738616485595704,0.5685177612304688
37426.0,-6.182742919921876,-7.643255767822266,0.05748046875
37492.0,-11.45058837890625,-8.748407592773438,-1.716929626464844
37559.0,-11.14447494506836,-6.297404479980469,0.6978488159179688
37628.0,-10.810519409179689,-4.810995483398438,-0.8146060180664063
37692.0,-9.605674896240235,-4.27031982421875,-1.4672488403320314
37759.0,-8.29485076904297,-3.540886688232422,-1.5768209838867189
37826.0,-8.28242660522461,-3.5314562988281253,-1.1066487121582032
37892.0,-9.158404998779297,-4.092789001464844,-0.4315525817871094
37959.0,-10.021659851074219,-3.698808288574219,-0.33709899902343754
38027.0,-10.571017456054689,-4.461172943115234,-0.652642822265625
38092.0,-13.45372283935547,-7.408693542480469,-1.7407301330566407
38159.0,-10.81156723022461,-2.5234524536132814,-0.7643106079101563
38226.0,-11.122470703125,-4.702471160888672,-1.2801379394531252
38292.0,-11.679761810302734,-6.9217561340332034,-0.348475341796875
38359.0,-9.500294036865235,-7.156018981933594,0.21794677734375
38426.0,-6.782246246337891,-6.2650717163085945,-0.49591873168945316
38492.0,-5.213957519531251,-5.5797967529296875,0.012723541259765625
38559.0,-4.609963531494141,-5.194647674560547,0.35296600341796874
38626.0,-5.9550663757324225,-6.880591735839844,0.15522720336914064
38692.0,-9.441915435791016,-7.629484405517578,-0.27228378295898437
38759.0,-11.690838775634766,-9.095236358642579,-0.2836601257324219
38828.0,-12.567266235351562,-5.715265045166016,0.6351292419433594
38892.0,-10.595865783691407,-4.145928497314453,-1.248852996826172
38959.0,-8.64691864013672,-4.145629119873047,-1.703906707763672
39026.0,-7.241940307617188,-3.96615234375,-0.8773255920410157
39092.0,-7.64490234375,-4.617148590087891,-0.3757186889648438
39159.0,-9.131161651611329,-4.5638594055175785,0.30566436767578126
39228.0,-9.951006774902345,-5.190306701660156,0.34787658691406254
39292.0,-9.769134979248047,-4.828658752441407,-0.3303630065917969
39359.0,-10.780731353759766,-5.431155853271485,-0.28021728515625
39428.0,-10.78522201538086,-4.5866120910644534,0.013921051025390626
39492.0,-11.054811401367187,-6.8514024353027345,-0.08053253173828126
39559.0,-10.615924072265626,-8.130642242431641,0.9749226379394532
39626.0,-8.209827575683594,-7.505392456054688,0.6521937561035157
39692.0,-6.061495056152344,-6.386768646240235,0.00269439697265625
39759.0,-5.310656433105469,-5.875881042480469,0.07738906860351563
39826.0,-5.225483551025391,-6.418502655029298,0.3650907897949219
39892.0,-6.276298370361329,-7.146438903808594,0.6982978820800781
39958.0,-9.717642059326172,-9.563612365722657,-1.4233900451660157
40026.0,-12.459190979003907,-5.8863592529296875,-0.5379812622070312
40092.0,-11.795620880126954,-4.2803489685058596,-0.6060896301269532
40159.0,-10.33450927734375,-4.3294468688964844,-1.0683283996582031
40227.0,-8.345744934082031,-3.620970153808594,-0.6318360900878907
40292.0,-7.708819427490234,-4.681963806152344,-0.7264393615722656
40358.0,-10.042616271972657,-3.567082214355469,-0.3254232788085938
40427.0,-11.262429656982423,-4.300706634521484,-0.08816665649414063
40492.0,-10.609337768554688,-4.936284942626953,-0.05164260864257813
40558.0,-11.468551025390626,-7.528145141601563,-0.08277786254882813
40628.0,-10.58448944091797,-5.198090515136719,-0.28770172119140625
40692.0,-10.996732177734376,-6.929539947509766,-0.31793884277343754
40759.0,-10.264754333496095,-7.2775662231445315,0.7137158203125
40826.0,-8.68808303833008,-6.952442321777344,0.9119036865234376
40892.0,-6.22705078125,-5.5553974914550786,0.32063323974609376
40959.0,-4.936284942626953,-5.6556889343261725,0.3261717224121094
41028.0,-4.398603057861329,-6.541546783447266,0.06182144165039063
41092.0,-6.015390930175782,-6.977739715576172,0.058677978515625
41159.0,-11.486663360595704,-9.841734008789063,-1.632056121826172
41228.0,-13.658347320556642,-6.36835693359375,-1.099164276123047
41292.0,-12.744647369384767,-1.9239491271972657,-2.1207897949218752
41359.0,-9.612261199951172,-3.3233889770507816,-2.4276516723632815
41428.0,-7.807613983154297,-5.7577766418457035,-0.2820135498046875
41492.0,-8.070617065429689,-4.345164184570312,0.43065444946289066
41559.0,-9.819580078125,-2.8286677551269532,0.7008425903320313
41628.0,-11.178154907226563,-2.7596612548828126,0.317340087890625
41692.0,-10.616223449707032,-4.659211120605469,-0.5135820007324219
41759.0,-13.621074829101563,-8.247848510742188,-0.0736468505859375
41826.0,-11.371403045654297,-5.193599853515625,1.8600320434570314
41892.0,-10.907517700195314,-6.8108367919921875,0.6261479187011719
41959.0,-9.880952453613281,-8.557105407714845,0.41089553833007814
42028.0,-7.707921295166016,-7.433541870117188,1.2228071594238281
42092.0,-5.998775482177734,-6.217321014404297,0.4782554626464844
42159.0,-5.199437713623047,-5.575156402587891,0.11585906982421876
42226.0,-5.5199212646484375,-4.613556060791016,0.3345542907714844
42292.0,-7.273225250244141,-6.0185343933105475,-0.3465293884277344
42359.0,-10.388247528076173,-8.298592987060548,-0.6854246520996095
42428.0,-12.898527374267578,-9.345665588378907,-0.18830841064453127
42492.0,-10.002948760986328,-5.527854766845703,0.48214736938476566
42558.0,-9.912237396240235,-3.1763946533203127,-3.4160462951660158
42628.0,-11.084749145507812,-4.428690490722657,-0.8267308044433594
42692.0,-11.23698257446289,-2.5176145935058596,0.9324110412597657
42759.0,-8.770112457275392,-3.8514907836914065,0.092208251953125
42826.0,-8.693172454833984,-4.38333480834961,-0.4221221923828125
42892.0,-9.801617431640626,-5.106031951904297,0.9656419372558595
42959.0,-10.285710754394533,-5.737718353271485,1.2425660705566406
43026.0,-8.892557830810548,-6.750362548828125,2.072739715576172
43092.0,-10.42117904663086,-10.453661499023438,-0.7045848083496095
43159.0,-10.736124114990234,-5.416336669921876,1.8721568298339846
43228.0,-8.271798706054687,-5.679489440917969,-0.8292755126953125
43292.0,-7.605983276367188,-5.995931396484376,-0.7098239135742188
43359.0,-6.15804428100586,-5.429658966064453,-0.13936019897460938
43426.0,-5.566624145507813,-4.745581512451172,-0.12528945922851564
43492.0,-5.354814605712891,-5.0638197326660155,-0.3975732421875
43559.0,-6.1240649414062505,-5.861510925292969,-0.6403683471679688
43626.0,-9.311237182617187,-7.776478729248047,-0.6611750793457032
43692.0,-13.976585540771485,-10.274933166503907,-0.8735833740234376
43759.0,-11.510613555908204,-5.763315124511719,0.33679962158203125
43826.0,-10.89778793334961,-1.6910334777832032,-3.1713052368164063
43892.0,-9.881401519775391,-2.893932037353516,-1.7681231689453125
43959.0,-9.313632202148439,-3.956422576904297,-0.6002517700195312
44028.0,-8.045469360351563,-3.3861085510253908,-0.223934326171875
44092.0,-8.47447723388672,-4.073179779052735,-0.1824705505371094
44159.0,-8.933123474121095,-4.402345275878907,-0.48109954833984375
44228.0,-10.122400360107422,-5.993536376953125,-0.5182223510742188
44292.0,-10.957513732910156,-7.370073852539063,-0.7409591674804688
44359.0,-10.482252044677734,-7.696544952392578,-0.8951385498046875
44427.0,-9.046437835693359,-4.897066497802735,-0.9240284729003907
44492.0,-9.3070458984375,-6.7951194763183596,-1.2069401550292969
44559.0,-8.849148101806641,-6.452931060791016,-0.49367340087890627
44626.0,-7.3603440856933595,-6.0800564575195315,-0.5586383056640625
44692.0,-6.872358856201172,-6.025869140625001,-0.8286767578125
44759.0,-6.103108520507813,-6.19396957397461,-0.1327738952636719
44828.0,-6.664441223144531,-5.692362670898437,1.210532684326172
44892.0,-7.605683898925782,-5.879922637939454,1.5521223449707031
44958.0,-11.480376434326173,-8.059839477539063,2.872676239013672
45028.0,-12.702135772705079,-6.108048248291016,5.223088531494141
45092.0,-11.152857513427735,-4.980892181396484,5.1977911376953125
45159.0,-9.198222198486329,-5.5534515380859375,3.2320788574218753
45226.0,-9.299112396240234,-3.710034942626953,2.3619383239746097
45292.0,-9.170679473876953,-2.7619065856933593,2.5966502380371095
45359.0,-9.762698364257814,-1.6721726989746095,1.7504598999023437
45428.0,-10.153984680175782,-0.21570144653320314,0.5701643371582031
45492.0,-10.443033599853516,0.9756710815429688,-2.844235382080078
45559.0,-11.068433074951173,0.3254232788085938,-3.2910562133789063
45628.0,-15.308216400146485,-3.890409851074219,-2.6099725341796876
45692.0,-13.481265563964845,-3.2223490905761722,-1.4377601623535157
45759.0,-12.286599884033203,-4.005969543457032,-3.224893798828125
45828.0,-9.984237670898438,-5.265450439453125,-2.0399578857421874
45892.0,-8.408614196777345,-4.8139892578125005,-1.115929412841797
45959.0,-6.19591552734375,-4.33259033203125,-0.5975573730468751
46028.0,-5.677842864990235,-4.358636169433594,0.5099894714355468
46092.0,-5.435047760009766,-4.0900946044921875,1.0621911621093751
46159.0,-6.683451690673828,-4.5954437255859375,0.8328680419921876
46228.0,-10.270143127441406,-6.254743194580079,0.6767427062988282
46292.0,-14.357543334960939,-6.8302963256835945,0.8533753967285157
46359.0,-16.964971160888673,-7.805069274902344,0.9662406921386719
46426.0,-11.99994598388672,-3.6131863403320312,1.2602293395996094
46492.0,-10.363698577880859,-0.999920654296875,0.21136047363281252
46559.0,-8.996741180419923,-1.4882052612304688,-0.4177812194824219
46628.0,-8.394393768310547,-2.0540286254882814,0.6580316162109375
46692.0,-8.465346221923829,-2.5761428833007813,0.3097059631347656
46759.0,-9.065897369384766,-2.3752606201171877,-2.1112097167968753
46826.0,-9.863289184570313,-2.22018310546875,-2.7125093078613283
46892.0,-10.604547729492188,-3.8483473205566407,-1.1443702697753906
46959.0,-11.385773162841797,-4.856351165771485,-0.8544232177734375
47026.0,-12.827275543212892,-4.709656219482422,-0.0197589111328125
47092.0,-11.038195953369142,-4.893324279785157,-1.25259521484375
47159.0,-10.024953002929688,-5.380710754394531,-1.4374607849121095
47228.0,-8.499624938964844,-4.74737777709961,-1.5459851074218751
47292.0,-6.624025268554687,-4.066144409179688,-0.9876461791992188
47359.0,-5.442083129882813,-3.9145097351074223,-0.9490264892578125
47426.0,-5.196443939208985,-4.17496810913086,-0.3549119567871094
47492.0,-6.635251922607422,-5.478607177734375,-0.7753875732421875
47559.0,-10.281070404052734,-7.584128723144532,-0.019010467529296877
47628.0,-15.162718963623048,-8.677305450439453,-0.02125579833984375
47692.0,-13.381123809814454,-3.7053945922851566,1.9773880004882813
47759.0,-11.465856628417969,-2.0441491699218752,0.2505789184570313
47828.0,-8.80783401489258,-3.4753230285644534,-1.5753240966796875
47892.0,-6.6153433227539065,-3.989803161621094,-1.0463241577148439
47959.0,-6.888824615478516,-3.840264129638672,0.9478289794921876
48028.0,-9.523645477294922,-3.4750236511230472,0.6644682312011719
48092.0,-10.999127197265626,-2.536026306152344,-0.7250921630859375
48159.0,-12.151730346679688,-2.6301805114746095,-0.8620573425292969
48228.0,-12.911101226806641,-2.9427305603027345,-0.6318360900878907
48292.0,-11.508667602539063,-2.801723785400391,-1.054856414794922
48359.0,-12.521910552978516,-5.8598643493652345,-2.010169830322266
48428.0,-10.614277496337891,-6.37359603881836,-1.00830322265625
48492.0,-7.447612609863282,-5.506299591064454,-0.6737489318847657
48559.0,-6.127956848144532,-4.834346923828125,-0.4908293151855469
48628.0,-5.546565856933594,-4.9882269287109375,-0.27198440551757813
48692.0,-6.499783630371094,-5.960904235839844,-0.039517822265625
48759.0,-8.848249969482422,-6.334527282714844,0.13576766967773438
48828.0,-11.577674102783204,-7.173382873535156,-0.6041436767578126
48892.0,-12.077634429931642,-4.018094329833985,0.5981561279296875
48959.0,-11.432625732421876,-1.720671844482422,0.5569917297363282
49026.0,-9.588760070800781,-2.8129504394531253,-1.1539503479003907
49092.0,-8.42807373046875,-2.9379405212402343,-0.46702880859375
49159.0,-9.671687622070314,-3.294049987792969,-0.2281256103515625
49228.0,-11.760893096923828,-1.0280621337890625,0.7000941467285157
49292.0,-11.751911773681641,-1.3064831542968751,-0.21600082397460937
49359.0,-11.340716857910158,-2.9702732849121096,-0.8839118957519532
49426.0,-13.002860412597657,-1.8022521972656251,-0.010627899169921875
49492.0,-12.119846649169922,-3.603456573486328,-0.9470805358886719
49559.0,-12.42102035522461,-5.987548828125,-0.18142272949218752
49628.0,-10.004745025634767,-6.424340515136719,0.036374359130859374
49692.0,-7.229665832519531,-5.295986938476563,-0.4213737487792969
49759.0,-6.2031005859375,-4.446204071044922,-0.46343627929687503
49828.0,-6.094576263427735,-4.796475677490235,0.1389111328125
49892.0,-6.949897613525391,-5.251679077148438,0.14744338989257813
49958.0,-9.955796813964843,-6.352639617919922,-0.6587800598144532
50028.0,-11.001222839355469,-6.117628326416016,0.7613168334960938
50092.0,-10.478958892822266,-3.7344342041015626,-1.4509327697753907
50159.0,-10.63717987060547,-3.591182098388672,-1.436862030029297
50228.0,-9.536818084716797,-4.501289520263672,-0.8141569519042969
50292.0,-9.689201202392578,-2.86683837890625,0.07499404907226563
50359.0,-10.262209625244141,-2.9653335571289063,-0.019309844970703125
50428.0,-11.175310821533204,-1.846410369873047,0.3597019958496094
50492.0,-10.532996520996095,-2.3706202697753906,-0.39951919555664067
50559.0,-13.22140594482422,-5.796246643066406,-1.749561767578125
50628.0,-11.632160797119141,-3.0683193969726563,-0.5312452697753907
50692.0,-11.385024719238281,-3.9915994262695316,-0.8824150085449219
50759.0,-12.017160186767578,-6.571185150146484,-0.40550674438476564
50828.0,-9.71030731201172,-6.4957420349121096,-0.2824626159667969
50892.0,-7.798333282470703,-5.525609436035157,-0.8381071472167969
50959.0,-6.175408172607423,-4.933141479492188,-0.47690826416015625
51028.0,-5.8264837646484375,-4.694387969970704,0.011675720214843751
51092.0,-6.1935205078125,-5.109175415039063,0.2996768188476563
51159.0,-7.536677398681641,-5.801785125732422,0.5646258544921875
51228.0,-11.342662811279297,-8.824898529052735,-0.09969268798828125
51292.0,-11.099268951416017,-5.490582275390626,0.9154962158203126
51359.0,-12.455897827148439,-2.4313938903808596,-1.6560063171386719
51426.0,-10.35845947265625,-3.8863682556152344,-1.2401710510253907
51492.0,-7.718249816894532,-4.292324066162109,-1.0294093322753908
51559.0,-7.046297149658203,-4.6643005371093755,-0.9834548950195313
51628.0,-8.808283081054688,-4.658612365722656,0.047151947021484376
51692.0,-10.724149017333986,-3.779939575195313,0.4608915710449219
51759.0,-10.947933654785157,-4.165537719726562,-0.23037094116210938
51828.0,-13.042976989746094,-7.6386154174804695,-0.980760498046875
51892.0,-9.712103576660157,-2.8719277954101563,0.28575576782226564
51959.0,-9.532926177978515,-4.856500854492188,-0.9894424438476563
52028.0,-10.773995361328126,-7.031627655029297,-0.29264144897460936
52092.0,-9.77886474609375,-6.407575378417969,0.6256988525390625
52159.0,-7.8411442565917975,-6.60785888671875,0.22782623291015627
52228.0,-6.097570037841797,-6.380032653808594,-0.012573852539062501
52292.0,-5.110522613525391,-5.749543762207032,0.45340713500976565
52359.0,-5.5428236389160155,-6.424190826416016,0.6018983459472657
52427.0,-7.525001678466797,-6.110293579101563,0.4944218444824219
52492.0,-11.459270324707031,-8.824599151611329,-0.980760498046875
52559.0,-10.885064392089845,-4.70905746459961,-0.5321434020996094
52628.0,-11.601474609375,-2.9642857360839847,-2.7687922668457032
52692.0,-9.768386535644531,-3.237467651367188,-3.1883697509765625
52759.0,-8.097710723876954,-4.004322967529297,-2.016157379150391
52828.0,-7.742649078369141,-4.371509399414062,-0.7993377685546875
52892.0,-8.147257690429688,-4.259542236328125,-0.013621673583984376
52959.0,-9.808802490234376,-4.498146057128906,0.028889923095703127
53028.0,-10.172546081542968,-4.1288639831542975,-0.09131011962890626
53092.0,-12.04934326171875,-7.5488021850585945,0.07978408813476563
53159.0,-10.443033599853516,-2.5307872009277346,-0.28455825805664064
53228.0,-10.0351318359375,-4.312981109619141,-0.44382705688476565
53292.0,-10.40830581665039,-6.886579284667969,0.19414627075195315
53359.0,-9.987081756591797,-6.681206359863282,0.23426284790039065
53428.0,-8.123906250000001,-5.497917022705078,-0.19714004516601563
53492.0,-7.058272247314454,-5.851781158447266,0.17977615356445314
53559.0,-5.90851318359375,-5.958958282470704,0.22123992919921875
53628.0,-6.130950622558594,-6.5378045654296875,-0.162861328125
53692.0,-9.63321762084961,-7.933801574707032,-0.8425978088378907
53759.0,-8.961264953613282,-6.5608566284179695,0.9295669555664063
53828.0,-9.528884582519531,-3.3651521301269534,-1.6265176391601563
53892.0,-11.238479461669922,-3.2922537231445315,-1.8601817321777345
53959.0,-9.56046890258789,-5.2275791931152344,-0.6697073364257813
54027.0,-7.877967681884766,-4.503385162353516,-0.7770341491699219
54092.0,-7.991581420898438,-4.114194488525391,-1.8901194763183595
54159.0,-10.231074371337892,-3.7681141662597657,-0.9033714294433595
54228.0,-11.151061248779298,-4.011957092285156,-0.4782554626464844
54292.0,-9.870474243164063,-4.876110076904297,-1.0228230285644533
54359.0,-11.67137924194336,-7.450307006835938,-0.6173162841796875
54428.0,-10.49692153930664,-2.1953347778320316,-1.3268408203125002
54492.0,-10.631641387939453,-4.538262634277344,-0.7421566772460938
54559.0,-10.194700012207031,-6.6807572937011726,-0.4293072509765625
54628.0,-7.706125030517579,-6.207591247558594,0.7014413452148438
54692.0,-5.785019989013672,-5.159620513916016,0.09849517822265626
54759.0,-5.529800720214844,-4.855303344726563,0.021106109619140626
54826.0,-6.054908752441406,-4.7611491394042975,0.2076182556152344
54892.0,-8.082442474365235,-6.446494445800782,-0.33904495239257815
54958.0,-12.603341217041017,-7.068301391601563,-1.812880096435547
55028.0,-10.661579132080078,-6.858886871337891,-0.1573228454589844
55092.0,-9.746831359863283,-2.5065376281738283,-1.7621356201171876
55159.0,-8.645870819091797,-2.58422607421875,-3.757635955810547
55228.0,-8.278834075927735,-5.0657656860351565,-1.701661376953125
55292.0,-8.069569244384766,-3.8588255310058597,-0.41119491577148437
55359.0,-8.457861785888673,-4.013903045654297,-0.9382489013671875
55428.0,-9.656119995117187,-3.407064971923828,-1.086141357421875
55492.0,-10.501412200927735,-4.089346160888672,-1.1437715148925782
55559.0,-10.184072113037109,-3.6886294555664065,-1.0840457153320313
55628.0,-11.784992980957032,-5.8282800292968755,-1.1958631896972658
55692.0,-11.187285919189454,-2.082319793701172,-1.7881814575195314
55759.0,-11.503877563476562,-5.108726348876953,-1.4015354919433594
55828.0,-10.833870849609376,-6.8178721618652345,-0.4302053833007813
55892.0,-8.408165130615235,-6.584208068847657,-0.5680686950683594
55959.0,-6.0836489868164065,-5.449417877197266,-0.7707472229003907
56028.0,-5.052443389892578,-5.321583709716797,-0.016914825439453125
56092.0,-5.34134262084961,-5.450615386962891,0.39532791137695317
56159.0,-7.034920806884766,-6.532864837646485,-0.2417472839355469
56228.0,-10.786419525146485,-8.195457458496094,-1.6390914916992188
56292.0,-13.41106155395508,-9.233399047851563,-0.3288661193847656
56359.0,-12.639715576171875,-2.5429119873046875,-1.0903326416015626
56428.0,-10.877280578613282,-2.314636688232422,-2.785108337402344
56492.0,-8.89749755859375,-3.889212341308594,-1.7205221557617187
56559.0,-6.828949127197266,-4.345613250732422,-0.7147636413574219
56628.0,-6.968758392333985,-4.415368194580078,-0.3499722290039063
56692.0,-8.027357025146484,-4.0619531250000005,-0.15837066650390627
56759.0,-9.182654571533204,-4.196822662353516,-0.7051835632324219
56828.0,-10.688074035644531,-3.8076319885253906,-2.2863455200195313
56892.0,-13.241763610839845,-5.924679565429688,0.06346801757812501
56959.0,-9.866133270263672,-2.5292903137207032,-0.36658767700195316
57028.0,-9.552834777832032,-5.750591583251953,-1.8827847290039064
57092.0,-10.047406311035157,-7.724237365722657,-0.5757028198242188
57159.0,-8.218210144042969,-5.790558471679688,0.3423381042480469
57227.0,-6.356980590820313,-5.294340362548828,-0.5072950744628907
57292.0,-4.902904357910156,-4.985083465576172,-0.51013916015625
57359.0,-4.876708831787109,-5.12579086303711,-0.18681152343750002
57428.0,-7.851921844482423,-7.272177429199219,-0.036374359130859374
57492.0,-13.333822174072266,-9.234746246337892,-1.2964540100097657
57559.0,-12.47894989013672,-8.643026733398438,2.8491751098632814
57628.0,-11.170371093750001,-3.0326934814453126,1.4611116027832032
57692.0,-8.699010314941408,-3.127296752929688,-0.7096742248535156
57759.0,-8.918004913330078,-3.7654197692871096,-0.9128018188476563
57828.0,-8.297694854736328,-2.7340644836425785,-0.30147308349609375
57892.0,-9.369017028808594,-2.92431884765625,-1.3865666198730469
57959.0,-9.584568786621094,-3.104843444824219,-2.3067031860351563
58028.0,-10.2842138671875,-4.352199554443359,-2.035916290283203
58092.0,-10.537187805175781,-4.769531707763672,-1.101708984375
58159.0,-12.232562255859376,-7.035818939208985,-1.8998492431640626
58228.0,-10.467732238769532,-3.8731956481933594,-0.6833290100097656
58292.0,-9.531429290771484,-5.603148193359376,0.13202545166015625
58359.0,-9.581874389648439,-6.252497863769531,-0.8137078857421876
58428.0,-8.595575408935547,-6.121370544433594,0.6625222778320313
58492.0,-6.834786987304688,-5.619464263916016,0.41284149169921874
58559.0,-6.189478912353516,-5.336552581787109,0.13546829223632814
58628.0,-5.729784851074219,-5.3036210632324226,-0.17753082275390625
58692.0,-7.196884002685548,-5.8140596008300784,-1.0024653625488282
58759.0,-9.207502899169922,-5.771697692871094,-0.6911128234863282
58826.0,-11.295061798095704,-9.26677963256836,-0.4441264343261719
58892.0,-11.89845703125,-5.797144775390625,1.7167799377441406
58959.0,-11.543844451904297,-4.082161102294922,-0.8813671875000001
59028.0,-9.026529235839844,-5.243595886230469,-2.4637266540527345
59092.0,-8.850345611572266,-4.32345932006836,-1.5898439025878908
59159.0,-7.063960418701172,-3.9848634338378908,-1.5096107482910157
59228.0,-7.320526885986329,-3.6600389099121093,-0.04819976806640625
59292.0,-7.223229217529298,-3.1594798278808596,0.4956193542480469
59359.0,-8.205187225341797,-1.730102233886719,0.46343627929687503
59428.0,-9.857002258300781,-0.7418572998046875,-2.179617462158203
59492.0,-13.48485809326172,-2.034419403076172,-3.5916311645507815
59559.0,-10.700498199462892,-0.8195457458496094,-2.9955706787109375
59628.0,-12.096345520019533,-2.5090823364257813,-4.054019622802735
59692.0,-12.541070709228515,-3.6431240844726562,-2.8794122314453126
59759.0,-10.880873107910157,-3.8800813293457033,-2.2237756347656252
59828.0,-8.652157745361329,-4.905,-1.5753240966796875
59892.0,-7.361092529296875,-4.648583221435547,-0.5408253479003906
59960.0,-6.5134053039550786,-4.050726470947266,-0.358055419921875
60028.0,-5.925278320312501,-3.7881724548339846,0.5671705627441407
60092.0,-7.64056137084961,-4.200714569091797,-1.7458195495605469
60159.0,-11.127859497070313,-5.757926330566407,-0.5833369445800781
60228.0,-14.453493804931641,-6.264323272705078,-0.07439529418945313
60292.0,-15.844251708984375,-3.599414978027344,0.8256829833984375
60359.0,-11.368708648681642,0.9726773071289063,-0.21944366455078126
60427.0,-10.089618530273437,-0.9744735717773438,-0.7173083496093751
60492.0,-9.041797485351562,-1.3223501586914064,-0.024099884033203126
60559.0,-8.223748626708986,-1.4102174377441408,1.8995498657226564
60628.0,-9.431736602783204,-0.2999761962890625,1.9452049255371096
60692.0,-9.927505645751953,0.2076182556152344,-1.9155665588378907
60759.0,-11.970606994628907,-0.14115646362304687,-1.161434783935547
60828.0,-13.097613372802735,-4.168681182861328,-3.825594635009766
60892.0,-11.662397918701172,-4.674179992675781,-1.8233583068847656
60959.0,-11.600875854492188,-3.613635406494141,-0.48633865356445316
61028.0,-10.21326141357422,-5.078189849853516,-1.427431640625
61092.0,-8.990603942871093,-4.927453308105469,-2.234403533935547
61159.0,-6.617588653564454,-4.126918029785156,-2.259700927734375
61228.0,-7.171586608886719,-3.8315821838378907,-1.0515632629394531
61292.0,-7.303162994384766,-3.4742752075195313,-1.2340338134765625
61359.0,-8.989855499267579,-4.29471908569336,-0.9032217407226563
61427.0,-10.727591857910157,-5.315147094726563,-0.8777746582031251
61492.0,-12.263847198486328,-5.690267028808594,-0.8705895996093751
61559.0,-9.44311294555664,-2.311942291259766,0.11885284423828125
61628.0,-9.30749496459961,-1.445244598388672,-1.8532960510253906
61692.0,-9.853409729003907,-2.620001678466797,-1.1317964172363282
61759.0,-9.610614624023437,-1.986369323730469,-1.3570779418945313
61828.0,-9.685009918212891,-1.833387451171875,-0.8707392883300782
61892.0,-10.083780670166016,-1.5801141357421875,-1.1141331481933594
61959.0,-9.24282943725586,-2.3438259887695314,-0.985550537109375
62028.0,-10.005643157958986,-3.460354156494141,-0.6530918884277344
62092.0,-13.102702789306642,-6.664291534423828,-0.7914042663574219
62159.0,-12.066856842041016,-3.0362860107421876,-1.488354949951172
62228.0,-11.532168731689454,-4.430636444091797,-0.5650749206542969
62292.0,-11.111842803955078,-5.531746673583985,-0.6536906433105469
62359.0,-8.909472656250001,-5.212610321044922,-0.3507206726074219
62428.0,-7.107220458984376,-4.760101318359375,-0.42541534423828126
62492.0,-6.992858276367188,-4.629872131347656,-0.39817199707031253
62559.0,-6.2297451782226565,-4.21762939453125,0.20103195190429687
62628.0,-7.032974853515626,-5.343587951660156,-0.40311172485351565
62692.0,-10.152338104248047,-7.540269927978516,-1.4352154541015625
62759.0,-10.848091278076172,-5.0674122619628905,-0.24489074707031253
62828.0,-11.938124542236329,-2.9591963195800783,-1.5634986877441408
62892.0,-11.70880142211914,-2.388882293701172,-2.188748474121094
62959.0,-9.988428955078126,-3.810027008056641,-1.5838563537597656
63028.0,-8.40412353515625,-4.284240875244141,-1.126707000732422
63092.0,-8.951834564208985,-3.8010456848144534,-0.31853759765625
63159.0,-10.065518646240236,-2.338586883544922,-0.4998106384277344
63228.0,-11.204799499511719,-2.574496307373047,-1.3672567749023439
63292.0,-13.485157470703125,-5.848038940429688,-2.182910614013672
63359.0,-11.637699279785156,-3.116818542480469,-2.046394500732422
63428.0,-11.64982406616211,-4.8948211669921875,-0.8023315429687501
63492.0,-12.245884552001954,-7.291187896728516,-0.4041595458984375
63559.0,-10.128387908935547,-6.6681834411621095,0.30551467895507817
63628.0,-7.454348602294922,-6.038442993164063,-0.6007008361816406
63692.0,-6.849905548095704,-5.610632629394532,-0.48409332275390626
63759.0,-6.107748870849609,-5.0356782531738284,0.26435028076171874
63828.0,-6.0501187133789065,-4.827161865234375,0.290994873046875
63892.0,-6.567293243408203,-4.583917694091797,-0.18636245727539064
63959.0,-9.429940338134767,-7.257507934570313,-2.701282653808594
64028.0,-12.265793151855469,-6.052813110351563,-0.5547463989257813
64092.0,-11.977792053222657,-2.492017822265625,-1.8718574523925782
64159.0,-12.607083435058595,-2.7292744445800783,-2.535277862548828
64228.0,-10.297236785888673,-2.964734802246094,-1.4545252990722657
64292.0,-8.99135238647461,-2.0372634887695313,-0.9074130249023438
64359.0,-7.974217529296875,-2.7533743286132815,-1.8999989318847657
64428.0,-9.137149200439454,-2.724185028076172,-0.8445437622070313
64492.0,-8.937614135742187,-2.861898651123047,-0.1974394226074219
64559.0,-10.145153045654297,-3.8681062316894534,-0.9342073059082032
64626.0,-9.776469726562501,-3.3953892517089845,-0.8708889770507813
64692.0,-9.111402740478516,-4.160747680664063,-0.8732839965820313
64759.0,-9.044192504882814,-5.0692085266113285,-0.8295748901367188
64826.0,-8.096213836669921,-4.297263793945313,-0.9217831420898438
64892.0,-7.893684997558594,-4.786596221923828,-1.1039543151855469
64958.0,-8.118218078613282,-4.384682006835938,-1.2838801574707033
65028.0,-9.348509674072266,-3.757486267089844,-0.9788145446777344
65092.0,-9.298513641357422,-3.506607971191406,-1.0565029907226564
65159.0,-9.65911376953125,-2.8529173278808595,-0.9975256347656251
65228.0,-9.617649993896485,-3.0734088134765627,-0.8493338012695313
65292.0,-9.4986474609375,-3.033142547607422,-0.8990304565429688
65359.0,-9.392368469238281,-3.340902557373047,-0.8225395202636719
65428.0,-9.141490173339845,-3.4358052062988285,-0.9036708068847656
