relative_time,AccX,AccY,AccZ
0,-0.6174659729003906,2.0414547729492187,9.671388244628906
68,-0.6206094360351563,2.06690185546875,9.66390380859375
136,-0.6732998657226563,2.252665557861328,9.265881500244141
205,-0.9105564880371094,2.296374664306641,9.347162475585938
269,-1.2898677062988282,2.4071443176269534,9.593550109863282
335,-0.688568115234375,2.7140061950683596,9.205107879638673
403,-0.8213420104980469,2.8867469787597657,8.437803497314453
468,-1.7694703674316408,4.49066162109375,9.546847229003907
535,-0.8599617004394532,4.781357116699219,7.658374328613282
604,0.35042129516601567,6.515650634765625,5.617218933105469
668,2.931653594970703,9.21648422241211,5.163811798095703
735,3.725153503417969,8.668773193359375,7.412884826660156
803,4.6482838439941405,9.417965240478516,4.776417388916016
868,-0.9759704589843751,9.432934112548828,7.470065917968751
935,4.936734008789062,6.996450805664063,3.838767242431641
1004,7.923622741699219,6.212381286621094,2.5381219482421877
1068,7.422165527343751,6.308182067871094,0.14609619140625002
1135,7.531587982177735,11.36287078857422,3.009192352294922
1203,6.605014801025391,6.492299194335938,2.0719912719726565
1268,6.552324371337891,7.7585160827636726,1.3415103149414063
1335,7.704029388427735,8.997339935302735,0.9912387084960937
1404,6.926097106933594,9.729766845703125,-0.3375480651855469
1468,7.7320211791992195,9.117539978027343,-1.2759466552734375
1535,7.194638671875,8.695866851806642,-1.3684542846679688
1604,7.001240844726563,6.497837677001954,-2.139949951171875
1668,5.755680999755859,4.9141310119628905,-2.58901611328125
1735,6.453679504394532,6.6047154235839844,-2.3882835388183596
1803,7.93948974609375,6.792574768066407,-1.9595750427246095
1868,6.860982513427735,6.173911285400391,-1.372196502685547
1935,6.9623217773437505,6.187383270263672,-0.4046086120605469
2004,7.444768524169922,6.344107360839844,-0.15343093872070312
2068,6.743626556396484,4.753964080810547,-0.5251080322265625
2135,5.689518585205079,6.970854034423828,0.13666580200195313
2204,6.5642994689941405,7.058871002197266,0.295784912109375
2268,6.571933593750001,6.2367805480957035,0.9849517822265625
2335,5.514382781982422,8.547675018310548,0.7869136047363282
2403,6.780599670410156,5.763764190673829,2.1727317810058593
2468,6.1963645935058596,7.405699768066406,0.31030471801757814
2535,8.058043212890626,7.495363311767578,0.5465135192871095
2604,3.3115635681152344,5.84429672241211,1.7221687316894532
2668,5.69820053100586,6.994654541015626,0.045205993652343755
2735,1.3970448303222658,8.092621307373047,-0.39966888427734376
2803,5.3934342956542976,11.725267181396484,-0.6249504089355469
2868,1.8139279174804688,10.772947540283203,0.05358856201171875
2935,1.6422349548339845,8.246651000976563,1.1955638122558594
3003,1.7736616516113282,8.987161102294923,1.409169616699219
3068,1.4826667785644532,8.872349853515626,-0.21031265258789064
3135,2.6825715637207033,10.29903305053711,1.0029144287109375
3205,0.47660888671875,12.249177703857422,-0.6252497863769532
3268,1.6995657348632813,12.816048889160157,-0.7214996337890626
3335,4.627776489257813,6.625821533203125,0.5201683044433594
3403,-0.05957611083984375,12.428953857421876,0.21031265258789064
3468,1.2826826477050781,11.423644409179689,2.528691558837891
3535,1.505419464111328,8.88791748046875,0.05942642211914063
3604,2.242935791015625,9.435778198242188,-1.077609100341797
3668,1.3361215209960937,8.846902770996094,-0.21136047363281252
3735,1.5881973266601563,10.627599792480469,-0.49412246704101564
3805,1.3982423400878907,9.03730682373047,-0.29847930908203124
3868,2.115850067138672,10.515782318115235,-0.18157241821289063
3935,-0.08068222045898438,8.759933624267578,-2.138902130126953
4003,2.298021240234375,8.257727966308595,0.3180885314941406
4068,3.1522947692871095,7.812104644775391,-1.4626084899902345
4135,3.9041812133789064,10.247540130615235,-0.7574249267578126
4204,3.3524285888671876,10.061776428222657,-0.07918533325195314
4268,1.1546987915039064,8.956175537109376,0.9598040771484375
4335,-0.6719526672363282,8.90273666381836,-1.6742683410644532
4403,0.8792715454101563,9.565857696533204,-1.409468994140625
4468,1.4444961547851562,9.522897033691407,1.2648696899414062
4535,1.1032058715820312,9.799222412109376,0.7156617736816406
4603,1.380728759765625,9.694140930175783,0.8247848510742188
4669,1.7260606384277344,9.81568817138672,0.7996371459960938
4735,1.7760566711425783,9.54415283203125,0.7165599060058594
4803,2.0071760559082032,9.507628784179689,0.7093748474121094
4869,0.9333091735839845,9.83155517578125,0.8449928283691407
4935,0.9975256347656251,9.648934936523437,0.9765692138671875
5004,1.0487191772460938,9.808952178955078,0.9946815490722657
5069,1.3359718322753906,9.64429458618164,0.9008267211914063
5135,1.504072265625,9.695338439941407,0.6572831726074219
5204,1.3211526489257812,9.49430648803711,0.6301895141601562
5269,1.5000306701660158,9.804012451171875,0.748443603515625
5335,1.2195140075683595,9.693841552734375,0.7448510742187501
5404,1.4016851806640627,9.615105285644532,0.6251000976562501
5469,1.4386582946777344,9.728868713378906,0.6258485412597656
5535,1.48251708984375,9.612710266113282,0.5495072937011719
5604,1.5919395446777345,9.683812408447267,0.5959107971191406
5669,1.4928456115722657,9.57573715209961,0.6194119262695312
5735,1.5144007873535157,9.623338165283204,0.5703140258789062
5804,1.5328125000000001,9.649533691406251,0.5632786560058594
5869,1.4726376342773437,9.686656494140626,0.5783972167968751
5935,1.4724879455566406,9.614955596923828,0.6012995910644532
6004,1.4626084899902345,9.644593963623047,0.5975573730468751
6069,1.5223342895507814,9.666149139404297,0.5695655822753907
6135,1.470392303466797,9.675429840087892,0.6060896301269532
6205,1.5060182189941407,9.618248748779298,0.5936654663085937
6269,1.4962884521484376,9.64564178466797,0.6066883850097656
6335,1.5085629272460939,9.643995208740234,0.5833369445800781
6403,1.512305145263672,9.656718750000001,0.6212081909179688
6469,1.539847869873047,9.617649993896485,0.5665718078613281
6535,1.549427947998047,9.684560852050781,0.5804928588867188
6603,1.5066169738769533,9.645043029785157,0.5911207580566407
6669,1.5262261962890626,9.627978515625001,0.5818400573730469
6735,1.5069163513183594,9.656569061279297,0.6044430541992187
6804,1.551822967529297,9.64429458618164,0.5912704467773438
6869,1.5358062744140626,9.66869384765625,0.5974076843261719
6935,1.5217355346679688,9.64429458618164,0.5432203674316407
7004,1.5211367797851563,9.637408905029297,0.5394781494140626
7069,1.5323634338378906,9.633816375732422,0.5918692016601563
7135,1.4913487243652344,9.603728942871093,0.5605842590332032
7205,1.4856605529785156,9.660910034179688,0.5212161254882812
7268,1.488354949951172,9.708660736083985,0.6168672180175782
7335,1.4705419921875,9.658215637207032,0.6209088134765626
7404,1.5485298156738283,9.595496063232423,0.6360273742675782
7469,1.4965878295898438,9.649084625244141,0.5870791625976562
7535,1.556613006591797,9.672585754394532,0.6240522766113281
7604,1.6357983398437501,9.57334213256836,0.7689509582519531
7669,1.6757652282714846,9.617051239013673,0.6170169067382812
7735,1.793719940185547,9.63606170654297,0.4896318054199219
7803,1.9874171447753908,9.768536224365235,0.2471360778808594
7869,1.0767109680175782,10.40725799560547,-0.041912841796875
7935,1.3180091857910157,10.838511199951173,-0.24758514404296877
8003,1.292113037109375,9.070687408447267,-0.9376501464843751
8069,1.8690133666992188,8.662486267089845,-1.69327880859375
8135,0.7755372619628906,9.103618927001953,-1.4892530822753907
8204,1.4513818359375001,8.933273162841797,-1.4266831970214844
8269,1.2063414001464845,8.848998413085939,-2.1655467224121097
8335,1.361418914794922,9.428892517089844,-2.519111480712891
8405,1.5486795043945314,10.574909362792969,-3.339555358886719
8469,2.0264859008789062,10.470127258300781,-3.1966026306152346
8535,-0.7536827087402345,12.566218414306642,0.3769161987304688
8604,1.5515235900878908,5.103636932373047,1.3564791870117188
8669,2.509681091308594,12.732223205566408,2.235750732421875
8735,-0.6744973754882813,7.677684173583985,-0.13921051025390627
8804,2.524200897216797,9.279353485107423,0.9154962158203126
8869,3.546874237060547,8.700806579589845,0.38574783325195316
8935,2.1871018981933594,9.090446319580078,-0.3146456909179688
9003,2.4963587951660156,9.301657104492188,0.0209564208984375
9069,2.145787811279297,9.835147705078125,0.11391311645507814
9135,2.4466621398925783,11.624227294921875,-0.09071136474609376
9204,3.637735290527344,11.726315002441407,1.1729608154296876
9269,1.5828085327148438,8.467591552734376,3.981719970703125
9335,-0.5071453857421875,12.394525451660156,0.3189866638183594
9404,4.138444061279297,8.011939086914063,1.0852432250976562
9469,0.6756948852539063,8.146958312988282,-0.9386979675292969
9535,2.226170654296875,8.863817596435547,-0.9000782775878907
9603,2.255659332275391,7.396568756103516,-0.8587641906738281
9669,1.6874409484863282,9.039103088378907,-1.7030085754394533
9735,3.5161880493164066,11.733350372314455,-2.350561981201172
9803,3.6553985595703127,9.950408020019532,-2.4768992614746095
9869,-3.1018496704101564,12.685969390869142,1.9722985839843752
9935,1.477427673339844,3.845203857421875,1.6878900146484377
10003,-0.046702880859375004,13.316158905029297,0.47301635742187503
10069,1.2485536193847657,7.122788085937501,1.2783416748046876
10135,2.9861402893066407,9.299561462402345,0.427510986328125
10204,2.891686706542969,7.916287994384766,0.19100280761718752
10268,2.7247837829589847,8.937464447021485,0.3153941345214844
10335,2.5001010131835937,10.693013763427736,-0.03577560424804688
10403,2.3799009704589844,11.255094909667969,-1.0490185546875002
10469,2.6469456481933595,12.094249877929688,4.161496124267578
10535,-0.7580236816406251,9.143286437988282,0.7545808410644531
10604,2.9268635559082035,11.274404754638672,0.9964778137207032
10669,1.2418176269531251,5.941744079589844,-1.1856843566894533
10735,0.29144393920898437,8.82370101928711,-0.5917195129394531
10803,2.4197181701660155,7.0680020141601565,-1.114881591796875
10869,1.9381695556640626,9.23848846435547,-1.475481719970703
10935,3.6788996887207035,11.653566284179687,-1.8482066345214845
11005,2.827170867919922,10.074799346923829,-3.2859667968750004
11069,-2.493065643310547,11.461815032958985,3.697461090087891
11135,1.272952880859375,5.4248689270019534,0.7241940307617187
11206,-0.7590715026855469,12.748688964843751,0.6987469482421875
11269,1.9022442626953127,7.1913455200195315,1.5395484924316407
11336,3.751648406982422,8.840316467285156,0.5213658142089844
11403,2.5765919494628906,8.338410186767579,0.17064514160156252
11468,3.2742910766601563,9.409432983398437,0.28500732421875
11535,2.0311262512207033,9.966873779296876,-0.35670822143554687
11605,2.618654479980469,10.929971008300782,-0.7256909179687501
11669,2.7798692321777345,12.675940246582032,3.7749998474121096
11735,-0.6384223937988281,7.960446166992188,0.8972341918945312
11804,4.022734680175781,11.2997021484375,1.3962963867187501
11869,1.6648379516601564,5.984555053710938,-0.329315185546875
11935,-0.544866943359375,9.115743713378906,-0.6963519287109375
12003,2.9431796264648438,7.733069000244141,-1.1817924499511718
12069,1.599723358154297,8.688232727050782,-1.3847703552246093
12135,3.019820251464844,10.211764526367189,-2.0194505310058597
12203,2.9669801330566408,11.339818725585937,-3.6447706604003907
12269,-0.23980133056640626,15.899636535644532,2.711461486816406
12335,0.056582336425781254,6.827452239990235,1.139879608154297
12403,2.169588317871094,9.63800765991211,2.0772303771972656
12469,0.3180885314941406,7.695347442626954,0.07753875732421875
12535,3.5555561828613285,8.11717025756836,1.776954803466797
12603,2.519560546875,8.909023590087891,0.5746549987792969
12669,2.728675689697266,8.865464172363282,0.1442999267578125
12735,2.659519500732422,9.493857421875001,0.09894424438476564
12804,3.3888029479980473,9.83155517578125,0.1389111328125
12869,1.347048797607422,10.122999114990234,-1.4398558044433594
12935,3.5700759887695312,11.313772888183594,4.996908874511719
13003,-1.2903167724609375,9.106313323974609,0.9321116638183594
13069,3.157683563232422,10.971734161376954,1.525477752685547
13135,2.108814697265625,6.724316711425781,-0.2124082946777344
13208,0.619112548828125,10.502759399414064,0.09864486694335937
13269,0.9575587463378906,7.010521545410157,-0.8719367980957031
13335,2.089205474853516,8.658893737792969,-0.6601272583007813
13406,2.745440826416016,9.171727294921876,-1.5536192321777345
13469,3.616329803466797,11.024424591064454,-1.6892372131347657
13535,1.2582833862304688,16.74507843017578,1.6875906372070313
13606,-1.089584197998047,6.038892059326172,1.7559983825683594
13669,0.7702981567382813,6.280339965820313,2.304906921386719
13735,-0.8162525939941406,12.060569915771485,0.7002438354492188
13803,3.6431240844726562,7.521708526611328,2.42615478515625
13869,1.8898200988769531,9.54415283203125,0.6860234069824219
13935,2.6673033142089846,8.680149536132813,0.6348298645019531
14004,3.8106257629394533,9.151669006347657,0.5057981872558595
14068,3.0560449218750003,9.700427856445312,0.19788848876953127
14135,2.2574555969238284,10.320288848876954,-0.6129753112792969
14208,1.9700532531738282,12.578043823242188,2.7955865478515625
14269,0.6348298645019531,9.909542999267579,5.613476715087891
14335,-0.3082090759277344,10.048603820800782,0.26854156494140624
14405,2.9258157348632814,9.265133056640625,0.844244384765625
14469,-0.8517288208007813,8.212521972656251,-0.124541015625
14536,2.779270477294922,7.789351959228516,-1.0365943908691406
14605,2.8454328918457032,8.263565826416016,-0.9225315856933595
14669,2.058369598388672,8.730145568847657,-2.2134471130371094
14735,2.498604125976563,11.655362548828126,-2.19144287109375
14804,1.92799072265625,13.342055053710938,0.42960662841796876
14869,-2.7547215270996097,8.93581787109375,1.148411865234375
14939,0.96998291015625,8.528514862060547,3.183879089355469
15005,-0.8448431396484375,10.149643707275391,2.2043161010742187
15069,0.896785125732422,8.392747192382814,3.141217803955078
15136,4.000431060791016,9.700577545166016,2.418820037841797
15206,2.0680993652343753,9.034013671875,1.6425343322753907
15269,4.383634185791016,8.835227050781251,1.515897674560547
15336,2.8957283020019533,8.647667083740235,-0.006586303710937501
15404,3.8716987609863285,9.59774139404297,0.44697052001953125
15469,2.0680993652343753,9.792187042236328,-1.340911560058594
15536,2.432142333984375,12.993579711914062,0.7506889343261719
15604,1.9637663269042969,9.796827392578125,4.051624603271485
15669,-0.8081694030761719,9.421108703613282,-0.077838134765625
15736,4.221521301269531,9.89861572265625,2.1019290161132815
15803,-0.30910720825195315,8.093070373535157,-0.5674699401855469
15869,1.7503102111816407,9.41766586303711,0.18052459716796876
15935,2.515069885253906,8.092621307373047,-0.40071670532226566
16004,1.118324432373047,8.671766967773438,-1.909878387451172
16069,3.2864158630371096,9.768386535644531,-1.828597412109375
16135,2.671644287109375,10.914253692626954,-2.5128245544433594
16203,1.8609301757812502,14.677428131103516,2.245330810546875
16269,-0.9880952453613282,6.609804840087891,1.1223660278320313
16335,0.8379574584960938,6.005361785888672,2.6135650634765626
16404,0.632135467529297,9.892927551269532,0.0640667724609375
16469,3.8546342468261723,7.986492004394532,2.167342987060547
16535,0.1838177490234375,9.402846679687501,0.39532791137695317
16604,2.5403672790527345,8.997489624023437,1.0889854431152344
16669,3.0464648437500004,9.928403778076172,0.4903802490234375
16736,3.629352722167969,9.770482177734376,-0.31943572998046876
16804,3.059487762451172,10.523117065429688,-1.3751902770996094
16869,1.7223184204101563,12.700638885498048,5.135520629882813
16936,-1.3921051025390625,8.914562072753906,0.9906399536132813
17006,4.329895935058594,9.745184783935548,1.985321502685547
17069,0.9560618591308594,7.570207672119141,-0.7761360168457032
17136,-0.09086105346679688,9.355245666503906,0.2603086853027344
17207,2.9370423889160158,6.42104736328125,-0.9714797973632813
17269,1.1901750183105468,9.611812133789064,-1.8001565551757814
17335,3.33626220703125,10.034982147216798,-1.7188755798339845
17407,3.4720298767089846,10.080188140869142,-2.9416827392578124
17469,-0.7948471069335938,13.709091796875,3.8214033508300784
17536,0.6222560119628907,5.050796813964844,0.9307644653320313
17608,-0.4279600524902344,12.565320281982423,0.9586065673828126
17669,1.1943663024902345,7.183711395263672,0.6253994750976563
17736,4.5920008850097656,8.554261322021485,1.0204280090332032
17804,1.5015275573730469,8.546926574707031,0.8738827514648438
17869,1.9975959777832033,9.566755828857422,0.7194039916992188
17936,2.4941134643554688,9.929152221679688,0.532891845703125
18004,3.3965867614746097,10.621312866210937,-0.9509724426269531
18069,3.3858091735839846,13.060191192626954,3.7215609741210938
18136,-0.8508306884765625,8.044271850585938,1.6102015686035156
18208,3.007096710205078,10.860365753173829,1.229842529296875
18269,2.904709625244141,7.507039031982422,0.24863296508789065
18336,-0.5861810302734375,8.914412384033204,-0.24578887939453126
18408,1.2121792602539063,7.10123291015625,-0.7526348876953125
18469,1.6170872497558595,8.604257354736328,-1.5911911010742188
18536,4.349505157470704,10.778186645507812,-1.64537841796875
18607,3.068918151855469,10.404114532470704,-3.5351985168457034
18669,-0.34129028320312504,16.50752243041992,4.047283630371094
18736,0.3661386108398438,4.497397613525391,0.3020718383789063
18808,-0.5752537536621094,12.27252914428711,1.6349002075195314
18869,-0.22558090209960938,7.778274993896485,1.0475216674804688
18936,4.536915435791016,8.511450347900391,1.3033396911621093
19003,3.58055419921875,7.864495697021485,0.504151611328125
19069,2.551444244384766,8.884474639892579,0.07080276489257813
19136,2.3330484008789063,9.748777313232422,0.5650749206542969
19204,3.150648193359375,10.820548553466798,0.20926483154296877
19269,2.5129742431640625,12.11355972290039,2.4037014770507814
19336,1.0829978942871095,9.856253814697267,5.833818511962891
19404,-2.0812719726562503,13.114378509521485,0.22707778930664063
19469,4.8297065734863285,8.272247772216797,1.5718812561035158
19536,-0.3644920349121094,8.899742889404298,-0.5081932067871094
19607,0.35595977783203125,7.154671783447266,0.060474243164062504
19669,2.0441491699218752,7.977959747314453,-0.5327421569824219
19736,1.6804055786132814,9.451645202636719,-1.4025833129882814
19808,3.079845428466797,10.3848046875,-1.2422666931152344
19869,3.8052369689941408,10.895692291259767,-2.5727000427246094
19935,-1.5798147583007813,14.318175201416016,3.440146179199219
20005,1.3931529235839843,6.962172088623047,1.325643310546875
20069,-0.5822891235351563,9.832752685546875,2.0312759399414064
20136,1.9172131347656252,8.25563232421875,1.8974542236328127
20205,3.3453932189941407,8.620274047851563,0.9021739196777344
20269,2.4519012451171878,8.944948883056641,0.8937913513183594
20336,3.8549336242675785,8.611741790771484,1.1298504638671876
20403,2.3204745483398437,10.718311157226562,0.4448748779296875
20469,2.139351196289063,9.708511047363281,-0.31284942626953127
20536,1.2034973144531251,10.935210113525391,1.0602452087402345
20604,4.733456726074219,10.478809204101562,6.5433430480957036
20669,-3.2686029052734376,11.867471466064453,0.5040019226074219
20736,5.0305888366699225,8.449479217529298,3.3082704162597656
20805,0.02305206298828125,8.802445220947266,-0.6746470642089845
20869,0.06077362060546875,8.316405944824218,0.32572265625
20936,1.88967041015625,7.701185302734375,-0.7755372619628906
21008,1.9583775329589845,9.472751312255859,-1.1059002685546875
21069,2.3067031860351563,9.172775115966797,-1.682351531982422
21136,3.639830932617188,11.9798876953125,-3.5052607727050784
21208,2.0908520507812502,13.83692596435547,3.4226325988769535
21269,-1.5221846008300781,8.992100830078126,3.3819172668457034
21335,0.2552192687988281,6.516548767089844,2.429747314453125
21408,0.16675323486328125,10.608739013671876,1.0918295288085937
21469,2.8286677551269532,8.728648681640625,2.391576690673828
21536,1.355730743408203,8.805289306640626,0.6611750793457032
21607,1.7310003662109377,9.379046173095704,0.621357879638672
21669,2.73750732421875,9.71988739013672,1.3394146728515626
21736,0.6328839111328125,10.644215240478516,0.7325765991210937
21806,0.5780978393554688,9.14942367553711,0.10852432250976562
21869,2.272574157714844,11.153456268310547,3.2292347717285157
21936,1.1524534606933594,11.679911499023438,3.6253111267089846
22004,-1.517095184326172,9.338031463623047,2.6491909790039063
22069,0.5258564758300781,10.254575500488281,2.662213897705078
22136,0.2501298522949219,8.371641082763672,1.8747015380859375
22205,0.9657916259765625,8.146509246826172,0.06795867919921875
22269,0.28994705200195314,9.267677764892579,-0.8315208435058594
22335,0.024998016357421875,9.210496673583984,-0.9813592529296875
22408,1.3120216369628908,8.870553588867187,-2.2370979309082033
22469,2.385589141845703,9.174421691894532,-3.1192135620117187
22536,0.9669891357421876,16.087495880126955,0.4507127380371094
22607,0.6623725891113281,7.526199188232423,1.182989959716797
22669,0.39652542114257816,10.24873764038086,2.2722747802734378
22736,2.635419616699219,8.879534912109376,1.1353889465332032
22806,2.3138882446289064,8.615633697509766,0.3195854187011719
22869,2.9020152282714844,9.376351776123048,0.9800120544433594
22936,3.4898428344726566,8.350534973144532,0.195194091796875
23007,2.269281005859375,8.813522186279297,0.41433837890625
23069,2.5767416381835937,11.251652069091797,0.44786865234375
23136,2.470312957763672,11.064990234375001,-0.37437149047851564
23206,2.894530792236328,14.121633911132813,3.0814920043945313
23269,1.1061996459960939,6.656956787109375,3.1475047302246097
23335,0.2022294616699219,9.617799682617187,0.23231689453125
23406,4.675826568603516,9.240733795166015,0.8475375366210938
23469,2.6634114074707034,9.363029479980469,-0.9993218994140626
23536,2.053429870605469,7.115453338623047,-0.7517367553710937
23607,1.7271084594726562,8.785680084228517,-0.10268646240234376
23669,2.4327410888671874,10.555898895263672,-0.06002517700195313
23736,4.897216186523438,11.924802246093751,-2.7357110595703125
23805,2.568209381103516,13.329930267333985,2.4310945129394534
23869,-1.6441809082031251,6.532266082763672,0.3391946411132813
23935,4.523593139648438,9.724378051757814,3.6492613220214847
24003,-1.2747491455078126,9.590855712890626,0.061372375488281256
24069,3.1298414611816407,8.068371734619141,2.2107527160644533
24136,2.665207672119141,8.846004638671875,0.9116043090820313
24203,2.8163932800292972,8.853938140869142,1.2988490295410158
24269,2.7496321105957033,9.860445098876953,0.8797206115722657
24336,3.439996490478516,10.92323501586914,0.8343649291992188
24407,2.560126190185547,12.778177642822266,2.343227233886719
24469,2.7497817993164064,7.993976440429688,4.882247314453125
24536,0.6280938720703125,10.99358871459961,1.1353889465332032
24607,3.5474729919433594,7.624694366455079,1.0036628723144532
24669,0.6575825500488282,8.580456848144532,0.19429595947265627
24735,0.1646575927734375,9.405990142822267,0.8319699096679688
24806,1.0361453247070314,7.937843170166016,-0.2507286071777344
24869,2.1656964111328127,9.453740844726562,-1.9688557434082032
24936,5.035977630615235,9.96417938232422,-0.8635542297363281
25006,4.250860290527344,9.289532318115235,-3.0557455444335937
25069,1.2737013244628907,16.124319305419924,3.8321809387207035
25136,-0.34338592529296874,4.601730651855469,0.9648934936523438
25208,-0.34099090576171875,11.64263900756836,1.4186000061035158
25269,1.9619700622558596,8.682245178222656,1.3888119506835939
25336,3.2347732543945313,8.37867645263672,1.4135105895996094
25407,0.6438111877441407,8.794212341308594,1.2376263427734375
25469,2.0371138000488282,8.587492218017578,0.9325607299804688
25536,2.9259654235839845,9.594148864746094,0.6740483093261719
25606,2.6563760375976564,10.910361785888673,-0.4525090026855469
25669,2.8815078735351562,12.614717559814453,5.045557708740235
25736,-0.6054908752441407,10.075248413085937,2.2852976989746097
25807,3.3774266052246094,9.660760345458986,1.5314653015136719
25869,4.480482788085938,7.412435760498047,0.5918692016601563
25936,-0.7345225524902345,9.784253540039064,0.21749771118164063
26006,1.175804901123047,7.065906372070313,-0.08577163696289063
26069,0.4177812194824219,8.781937866210939,-0.39173538208007813
26136,2.542013854980469,9.355694732666016,-1.3928535461425782
26207,4.644242248535156,10.497220916748047,-3.2236962890625
26268,3.383563842773438,16.907191314697265,1.8989511108398438
26335,-2.8123516845703125,6.375092926025391,1.2311897277832031
26407,2.1321661376953127,5.547613677978516,3.071313171386719
26469,-1.6539106750488282,11.983929290771485,-0.08876541137695312
26536,4.640350341796875,7.4378828430175785,1.6401393127441406
26603,3.271147613525391,8.701704711914063,0.19354751586914062
26669,1.8037490844726562,8.799900512695313,0.6475534057617188
26736,2.5439598083496096,9.825567626953125,0.8505313110351563
26807,3.011737060546875,10.556347961425782,0.0449066162109375
26869,1.2540921020507814,11.849658508300783,-0.865799560546875
26936,3.8719981384277347,10.60080551147461,6.898255004882813
27008,-2.1116587829589846,12.867541809082033,0.46418472290039064
27069,5.350174255371094,6.924600219726563,1.337618408203125
27136,1.9486477661132813,8.61772933959961,0.0014968872070312501
27207,-0.6201603698730469,8.721164245605468,0.5182223510742188
27269,0.46418472290039064,7.075636138916016,-1.131347351074219
27335,2.0588186645507816,9.445657653808594,-1.2361294555664064
27407,3.399730224609375,10.059680786132812,-1.475481719970703
27469,2.156415710449219,10.936856689453126,-3.3736843872070312
27536,2.190245361328125,17.377064208984375,2.7175987243652346
27606,0.6966513061523438,6.097420349121094,1.174457702636719
27669,1.1515553283691407,7.05812255859375,2.9114456176757812
27736,-1.1430230712890626,9.437424774169923,0.1686991882324219
27809,4.623136138916016,7.8763211059570315,1.5443385314941407
27869,3.8468504333496094,8.506809997558594,0.8116122436523437
27936,1.5953823852539064,8.831035766601563,0.32332763671875003
28007,2.6366171264648437,10.011481018066407,0.7258406066894532
28069,3.6350408935546876,9.664053497314454,0.5557942199707031
28136,1.0600955200195312,11.98123489379883,-0.40924896240234376
28206,3.390299835205078,11.347003784179687,5.736221466064453
28269,-2.009122009277344,12.044403533935547,-1.0289602661132813
28336,5.578898620605469,8.147257690429688,0.8744815063476563
28408,0.10822494506835938,8.114326171875,-0.6087840270996094
28469,-0.48633865356445316,8.74900634765625,0.5333409118652344
28536,1.789977722167969,7.46527587890625,-0.5349874877929688
28608,1.699116668701172,8.899593200683594,-1.4662010192871096
28669,3.141068115234375,9.626781005859376,-1.8850300598144532
28736,3.426075439453125,11.10286148071289,-3.087479553222656
28805,1.2316387939453126,16.92470489501953,2.2589524841308597
28869,-0.2655477905273438,8.698112182617187,2.699037322998047
28936,1.204545135498047,4.4334805297851565,2.7364595031738284
29003,-1.0029144287109375,11.53531219482422,0.5631289672851563
29069,2.9355455017089844,7.0645591735839846,2.139949951171875
29136,3.4280213928222656,8.370742950439453,0.7800279235839844
29207,2.5521926879882812,8.76666961669922,0.5081932067871094
29269,2.970722351074219,8.81501907348633,0.5301974487304688
29335,2.2306613159179687,9.914482727050782,0.7593708801269532
29405,3.1915132141113283,10.112670593261718,-0.032482452392578125
29469,3.134930877685547,12.252919921875,3.121608581542969
29536,-0.1143621826171875,11.836934967041016,5.676944732666016
29607,-1.5444882202148438,11.711944885253907,0.04805007934570313
29669,5.039420471191407,8.449329528808594,1.3572276306152344
29736,-0.4926255798339844,8.840915222167968,-0.8205935668945313
29808,1.1093431091308594,7.103627929687501,0.13157638549804687
29869,1.875150604248047,8.668922882080079,-0.6186634826660157
29938,1.2371772766113283,8.522677001953125,-1.7030085754394533
30005,2.459086303710938,9.343270568847657,-1.5341596984863282
30069,3.1430140686035157,11.497291259765625,-2.618055725097656
30136,1.974693603515625,12.64525405883789,1.0915301513671876
30208,-0.3806584167480469,7.080126800537109,2.6228457641601564
30269,1.9919078063964846,4.196223907470704,1.8934126281738282
30336,-1.8134788513183595,13.484708404541017,0.16031661987304688
30408,2.538571014404297,6.92879150390625,2.2737716674804687
30469,2.9090505981445314,9.348359985351562,0.6259982299804688
30536,2.123334503173828,8.63883544921875,0.542322235107422
30608,2.8696824645996095,8.53824462890625,0.6444099426269532
30669,2.4493565368652344,9.169631652832031,0.7601193237304688
30736,2.3378384399414065,10.172246704101562,0.5403762817382812
30807,2.3620880126953128,10.007439422607423,-0.3800596618652344
30869,4.508175201416016,12.74719207763672,3.677402801513672
30935,-1.3307327270507814,10.203831024169922,4.033512268066406
31005,0.9550140380859375,10.264005889892578,1.379231872558594
31069,4.361629943847657,8.00699935913086,0.4903802490234375
31136,-0.389190673828125,8.969048767089845,-0.956660614013672
31208,1.5226336669921876,7.311246185302735,-0.32587234497070316
31269,1.9640657043457033,9.55223602294922,-0.6878196716308594
31336,1.8175204467773438,8.558901672363282,-1.0615924072265626
31409,2.108515319824219,9.716294860839843,-1.240470428466797
31469,4.370461578369141,10.357261962890625,-2.631078643798828
31535,1.9657122802734377,17.033977661132813,1.0216255187988281
31607,0.6685098266601562,6.570287017822266,1.6176860046386718
31669,1.003213806152344,6.636449432373047,3.3582664489746095
31736,-0.2962339782714844,11.759845275878908,1.415606231689453
31803,1.6175363159179688,7.3586975097656255,2.414928131103516
31869,1.4073733520507814,9.923314361572267,1.3870156860351563
31936,1.2961546325683595,9.715696105957031,1.9811302185058595
32006,2.1523741149902347,9.394314422607422,2.268831939697266
32069,1.5983761596679689,9.785151672363282,2.216440887451172
32136,2.0112176513671876,9.92541000366211,2.355202331542969
32207,2.1335133361816405,9.074878692626953,1.6708255004882813
32269,2.891986083984375,8.852590942382813,2.271676025390625
32336,0.25641677856445316,12.70692581176758,2.412383422851563
32408,0.22692810058593751,8.27569061279297,2.0712428283691406
32469,-1.6446299743652344,9.546847229003907,1.7827926635742188
32536,1.1093431091308594,9.751322021484375,1.7703684997558595
32604,1.9580781555175781,9.705068206787109,0.162861328125
32669,0.2177970886230469,9.037456512451172,-1.5748750305175783
32736,-0.5192701721191406,8.796158294677735,-1.56873779296875
32807,-0.33126113891601566,8.85154312133789,-2.2004241943359375
32869,-0.5474116516113281,9.02398452758789,-2.780467987060547
32936,0.080233154296875,9.316925354003907,-3.011138305664063
33007,1.1641291809082033,20.3528759765625,5.331463165283203
33069,0.705333251953125,5.912554779052734,1.2843292236328125
33136,2.4602838134765626,8.966653747558594,2.9668304443359377
33207,3.1166688537597658,8.985963592529297,1.370998992919922
33269,2.957549743652344,8.36625228881836,0.42691223144531254
33336,4.198169860839844,9.056167602539062,0.8916957092285157
33405,2.540966033935547,8.631800079345703,0.6852749633789063
33469,2.4086412048339847,8.323740692138673,0.5620811462402344
33536,3.1521450805664064,9.608518981933594,1.625170440673828
33607,3.8739440917968753,10.751242675781251,0.6017486572265626
33669,4.70621337890625,12.378658447265625,4.45713134765625
33736,-2.4281007385253908,13.406271514892579,5.7490946960449225
33806,-0.531544647216797,9.323661346435548,-0.046253814697265624
33869,7.016209716796875,7.798932037353516,1.909878387451172
33936,-0.27497817993164064,7.257058868408204,-0.15343093872070312
34006,2.6161097717285156,9.08281219482422,2.1333636474609374
34069,0.7327262878417969,9.398056640625,-0.35625915527343754
34136,1.426084442138672,8.065827026367188,-0.21016296386718752
34208,1.9886146545410157,9.345066833496094,-1.9525396728515625
34269,4.867428131103516,12.34677474975586,-2.8659402465820314
34336,3.4747242736816406,8.366551666259767,0.63947021484375
34407,-4.938230895996094,10.46997756958008,2.508932647705078
34469,-0.1818717956542969,1.2722044372558594,1.8598823547363281
34536,-1.7425263977050782,13.603112182617188,0.08352630615234376
34608,5.299579467773437,5.547463989257813,1.3732443237304688
34669,0.6664141845703125,9.564061431884767,0.38514907836914064
34736,1.3551319885253907,9.804461517333985,1.1349398803710937
34803,3.788771209716797,9.698332214355469,0.9580078125
34869,1.5042219543457032,11.072324981689453,-1.3443544006347656
34935,3.3428485107421877,13.470188598632813,6.289171600341797
35005,-1.0072554016113282,11.71404052734375,0.38290374755859374
35069,3.166964263916016,7.607330474853516,1.5160473632812501
35136,1.6845968627929688,6.730154571533204,-0.09819580078125001
35208,-0.5129832458496094,8.86591323852539,-0.14085708618164064
35269,1.2126283264160156,7.4712634277343755,-1.3509407043457031
35335,2.3475682067871095,8.745862884521484,-1.7754579162597657
35408,3.0623318481445314,12.055330810546875,-2.3908282470703126
35469,4.038302307128906,10.829380187988281,-3.9197488403320313
35536,-1.7789007568359376,14.113999786376954,4.003873901367188
35608,0.3119512939453125,4.447401580810547,1.4230906677246093
35669,-1.665586395263672,12.365186462402344,2.20341796875
35736,1.9449055480957032,7.292385406494141,1.680106201171875
35807,4.692741394042969,8.174800415039062,0.5243595886230469
35869,1.5043716430664062,7.978857879638673,0.4704716491699219
35936,3.2024404907226565,9.178912353515626,0.8455915832519532
36007,3.331322479248047,10.884016571044922,0.07738906860351563
36069,2.3240670776367187,11.897259521484376,-0.8000862121582032
36136,3.689377899169922,10.577454071044922,5.302423553466797
36207,-1.6239729309082032,13.918206939697267,0.781973876953125
36269,4.817731475830079,6.665938110351563,0.9434880065917969
36336,1.423689422607422,6.408174133300782,-0.07035369873046875
36405,-0.8428971862792969,8.171357574462892,0.8922944641113282
36469,1.5540682983398437,7.321425018310547,-0.9548643493652345
36536,2.5297393798828125,9.69159622192383,-1.2103829956054688
36607,2.8723768615722656,11.496393127441406,-1.7199234008789064
36669,3.8790335083007816,9.5657080078125,-2.9952713012695313
36736,-2.8852500915527344,13.196557617187501,2.3162832641601563
36806,3.197500762939453,5.456303558349609,2.0136126708984374
36869,-4.0776704406738284,9.603878631591797,1.924398193359375
36936,3.0795460510253907,8.599018249511719,2.8372000122070316
37007,3.2552806091308595,8.491691436767578,0.062420196533203125
37069,0.06032455444335938,7.928263092041016,0.8443940734863282
37136,2.2448817443847657,10.421927490234376,0.623902587890625
37203,4.00252670288086,8.693172454833984,-0.24384292602539065
37269,0.15672409057617187,13.136532440185547,-0.5611830139160157
37336,2.7223887634277344,8.941206665039063,4.868775329589844
37407,-0.8223898315429687,13.787828063964845,0.6545887756347657
37469,4.340523834228516,7.0126171875,0.20971389770507814
37536,0.2616558837890625,7.255561981201172,-0.4282594299316406
37607,0.6677613830566407,8.019573211669922,0.719703369140625
37669,1.4468911743164063,9.154962158203125,-1.5328125000000001
37736,2.945724334716797,10.073302459716798,-1.8122813415527346
37807,2.3442750549316407,11.592193908691407,-3.6600389099121093
37869,2.4999513244628906,18.62561782836914,2.864143981933594
37936,0.8752299499511719,6.428082733154297,1.3172607421875
38002,1.6839981079101562,5.634133758544922,1.498982849121094
38069,-0.9883946228027344,10.26310775756836,0.9268725585937501
38136,5.919889526367188,6.710994415283204,1.3796809387207032
38201,2.0076251220703125,8.008346557617188,0.03188369750976563
38269,1.6676820373535157,9.974358215332032,0.62031005859375
38335,3.1919622802734375,10.021360473632813,0.4644841003417969
38402,3.0434710693359377,11.351793823242188,0.6089337158203125
38469,2.504891052246094,10.524314575195312,4.5162583923339845
38536,-0.3430865478515625,12.9474755859375,0.2924917602539063
38602,4.473148040771485,8.711584167480469,0.9285191345214844
38669,0.9310638427734376,6.319109344482422,-0.6762936401367188
38736,-0.9545649719238282,9.823621673583984,0.8544232177734375
38802,1.9435583496093751,6.3512924194335945,-1.51365234375
38869,3.6863841247558597,10.705138549804689,-2.395917663574219
38936,2.990181884765625,10.92937225341797,-2.339035949707031
39002,1.7365388488769533,16.089591522216796,1.6560063171386719
39069,-1.28133544921875,8.23452621459961,2.8291168212890625
39136,3.4657429504394535,5.042264556884766,0.3177891540527344
39202,0.05164260864257813,10.192903747558594,0.6641688537597656
39269,3.410058746337891,7.901468811035157,0.4712200927734375
39336,3.5904336547851563,7.7495347595214845,-0.3838018798828125
39402,2.135309600830078,9.445657653808594,1.2522958374023438
39469,2.751428375244141,10.532697143554689,0.1686991882324219
39536,3.4057177734375004,10.806028747558594,-0.6539900207519531
39602,2.368824005126953,13.23682388305664,4.510570220947266
39669,-0.39233413696289066,8.58659408569336,2.149080963134766
39736,3.313060455322266,10.263706512451172,1.4485377502441408
39802,4.05761215209961,7.182663574218751,1.0163864135742189
39869,-3.1594798278808596,10.423125,-0.3608995056152344
39935,1.4043795776367187,6.035149841308594,-0.36553985595703126
40002,2.428250427246094,9.222322082519531,-0.6472540283203125
40069,2.951861572265625,10.481653289794922,-1.6792080688476563
40136,2.7901977539062504,9.527986450195312,-3.2117211914062502
40202,2.5039929199218753,19.219732360839846,4.500092010498047
40269,0.7065307617187501,5.123096466064453,1.7634828186035156
40336,-1.968556365966797,10.597212982177735,1.5727793884277343
40402,1.4564712524414063,7.9466748046875,2.339634704589844
40468,4.55772216796875,8.212521972656251,0.9656419372558595
40536,1.5557148742675782,7.5523947143554695,0.5463638305664062
40602,2.7620562744140624,9.049431610107423,0.18112335205078126
40668,2.964734802246094,10.1021923828125,1.0758128356933594
40736,3.4456846618652346,11.016790466308594,-1.2867242431640626
40802,2.331701202392578,11.806548156738282,3.7211119079589845
40869,0.2537223815917969,8.112829284667969,4.171225891113282
40936,-0.39398071289062503,13.433065795898438,0.6819818115234375
41002,5.858816528320313,6.733747100830079,0.42242156982421875
41069,0.7716453552246094,9.149573364257813,-0.8012837219238281
41136,0.9220825195312501,8.162376251220703,-0.3050656127929688
41202,1.8279986572265625,7.6297837829589845,-0.9768685913085938
41269,2.1656964111328127,9.723629608154297,-1.905088348388672
41336,2.764900360107422,11.892768859863281,-2.3297552490234374
41402,3.03448974609375,16.96048049926758,1.8821859741210938
41469,-1.387913818359375,5.335804138183594,0.6271957397460938
41536,3.5655853271484377,6.793173522949219,3.50391357421875
41602,-1.738484802246094,12.280762023925782,0.3531156921386719
41669,3.2783326721191406,7.128176879882813,1.4673985290527345
41736,3.9234910583496094,8.656947784423828,0.93166259765625
41802,1.4218931579589844,9.000184020996095,1.0121951293945313
41869,2.246228942871094,9.55418197631836,0.5528004455566407
41936,4.530628509521485,9.342671813964845,1.3883628845214844
42002,1.292113037109375,11.377839660644533,-0.9641450500488282
42069,3.3174014282226563,10.584339752197266,5.670358428955079
42136,-1.651365966796875,10.429411926269532,1.5232324218750002
42202,4.110601959228516,8.958720245361329,1.4742842102050782
42269,2.5512945556640627,7.572902069091797,0.5730084228515625
42336,-1.2864248657226562,9.867330780029297,-0.2628533935546875
42402,1.2328363037109376,6.791227569580078,-0.5953120422363282
42469,1.4431489562988282,8.122858428955078,-1.7548008728027344
42536,3.107537841796875,10.198292541503907,-1.5780184936523438
42602,3.1793884277343754,11.00706069946289,-3.3630564880371097
42669,-0.901724853515625,17.086368713378906,4.004173278808594
42736,2.2808070373535156,5.138664093017578,0.7047344970703125
42802,1.4994319152832032,9.798623657226562,2.05013671875
42869,-0.5710624694824219,9.251810760498048,0.9080117797851563
42936,4.2116418457031255,8.16896255493164,1.1187734985351563
43002,3.420836334228516,8.128546600341798,0.15103591918945314
43069,2.1306692504882814,9.409582672119141,0.39248382568359375
43136,2.777025146484375,10.155631256103517,0.32138168334960937
43202,3.1060409545898438,10.950029296875,0.5143304443359376
43269,1.9431092834472656,12.264595642089844,2.8612998962402347
43336,0.8137078857421876,7.95864990234375,4.049828338623047
43402,1.8143769836425783,12.502001953125001,1.0557545471191407
43469,5.365592193603516,7.225474548339844,0.32527359008789064
43536,-0.18815872192382813,9.31468002319336,-0.5508544921875
43602,1.7275575256347657,7.615413665771484,0.12124786376953126
43669,1.216520233154297,8.736432495117189,-0.5595364379882812
43736,2.2088067626953127,9.033115539550781,-1.8119819641113282
43802,3.9200482177734375,11.03475311279297,-1.56394775390625
43869,2.4146287536621096,10.657088470458985,2.159409484863281
43936,-3.22130126953125,9.531429290771484,2.216291198730469
44002,2.5765919494628906,6.5924409484863284,1.9983444213867188
44069,-2.0157083129882816,11.541150054931641,-0.647852783203125
44136,1.9797830200195314,8.02660858154297,1.6131953430175783
44202,4.019441528320312,9.4890673828125,-0.45984375
44269,2.8461813354492187,8.26715835571289,-0.08816665649414063
44336,2.481090545654297,9.082662506103516,0.3882925415039063
44402,1.1186238098144532,9.719138946533203,1.1171269226074219
44469,1.9275416564941408,10.483150177001953,-0.40386016845703127
44536,4.774471435546875,11.256591796875,2.235601043701172
44602,2.629581756591797,11.715238037109376,4.819527740478516
44669,-1.3597723388671876,7.1226383972167975,0.358055419921875
44736,4.810845794677735,10.11611343383789,1.5664924621582033
44802,1.6085549926757814,8.349337463378907,1.0150392150878906
44869,1.3611195373535157,9.823771362304688,1.5753240966796875
44935,2.255659332275391,9.023236083984376,2.087259521484375
45001,0.7247927856445313,9.609716491699219,2.637964324951172
45069,0.4079017639160156,9.138646087646485,1.1481124877929687
45136,2.2981709289550785,7.469616851806641,2.189347229003906
45202,2.002386016845703,11.422895965576172,5.393733673095704
45269,2.975662078857422,8.585845642089843,3.8013450622558596
45336,2.654430084228516,9.34821029663086,3.4194891357421877
45402,1.639241180419922,9.040300598144531,2.7177484130859377
45469,2.898871765136719,8.853489074707031,2.6661058044433594
45535,2.7699897766113284,8.981023864746094,2.9151878356933594
45602,2.815195770263672,8.586444396972656,2.4779470825195316
45669,3.793561248779297,8.869655456542969,2.6370661926269534
45736,4.554129638671875,8.600664825439454,2.611469421386719
45802,4.418661346435547,9.457033996582032,1.4762301635742188
45869,3.896397399902344,10.1548828125,3.1651679992675783
45936,1.111139373779297,10.52805679321289,2.6969416809082034
46002,-2.136207733154297,9.483229522705079,1.691931610107422
46069,0.9021739196777344,10.920091552734375,1.1946656799316406
46136,0.060923309326171876,8.684939575195314,0.05134323120117188
46202,0.14100677490234376,8.253985748291017,-0.4685256958007813
46269,0.7659571838378907,7.744595031738282,-1.3355227661132814
46336,1.8685643005371095,8.159083099365235,-2.468666381835938
46402,2.6924510192871094,10.81396224975586,-1.4750326538085938
46469,1.6227754211425782,10.895093536376955,-4.583318939208985
46536,1.562600555419922,17.006285247802737,4.018543395996094
46602,1.0542576599121094,5.808820495605469,0.8530760192871094
46669,0.9728269958496094,8.563542022705079,2.0880079650878907
46736,-0.8029302978515626,9.55463104248047,0.7324269104003907
46802,3.8716987609863285,8.093968505859376,1.1738589477539063
46869,3.035537567138672,9.028175811767579,0.9241781616210938
46936,1.6215779113769533,9.532926177978515,0.12558883666992188
47002,3.366050262451172,9.793085174560547,0.7574249267578126
47069,3.001109161376953,9.86987548828125,0.001347198486328125
47136,0.11585906982421876,12.206516418457031,1.5980767822265627
47202,2.375559997558594,9.584119720458984,5.568869476318359
47269,-2.0389100646972658,13.19416259765625,0.10328521728515626
47336,4.266427917480469,7.630382537841797,0.8541238403320313
47402,-0.7424560546875001,8.864116973876953,-0.789158935546875
47469,1.678609313964844,7.433691558837891,-0.13097763061523438
47536,1.4911990356445313,9.037606201171876,-1.0484197998046876
47602,1.644031219482422,9.585167541503907,-1.9118243408203126
47669,2.211950225830078,10.447673950195313,-2.6168582153320314
47736,1.3501922607421877,12.743000793457032,0.487386474609375
47802,-0.5911207580566407,9.989327087402344,2.2071601867675783
47869,1.9390676879882813,4.432582397460938,1.1138337707519532
47936,-2.45489501953125,13.171858978271485,0.1035845947265625
48002,1.7284556579589845,7.389383697509766,1.4980847167968752
48069,3.8052369689941408,8.934470672607421,0.7557783508300782
48136,-0.7333250427246094,9.941726074218751,0.42242156982421875
48202,3.552861785888672,9.770482177734376,0.7192543029785157
48269,3.0996043395996096,9.401948547363281,0.5408253479003906
48336,0.36703674316406254,10.862760772705078,-1.189276885986328
48402,4.3384281921386725,11.021580505371094,5.520370330810547
48469,-0.6183641052246094,9.641450500488281,1.129102020263672
48536,2.186054077148438,9.684261474609375,1.9037411499023438
48601,1.4127621459960937,7.24538314819336,-0.6378236389160157
48669,-0.6156697082519531,9.114546203613282,-0.059725799560546876
48736,2.514471130371094,6.916217651367188,-1.2163705444335937
48802,2.5117767333984378,9.642648010253907,-1.865570526123047
48869,2.891087951660156,10.878927154541016,-1.7579443359375
48936,3.1750474548339844,10.067165222167969,0.34203872680664066
49002,-2.4836352539062503,11.066786499023438,2.9063562011718753
49069,1.696871337890625,5.547613677978516,0.7170089721679688
49136,-1.8281483459472656,12.95989974975586,0.8325686645507813
49202,2.038011932373047,7.998916168212891,1.8179695129394533
49269,4.706961822509766,8.932225341796876,-0.3794609069824219
49336,2.788700866699219,8.382867736816406,0.030087432861328128
49402,3.206781463623047,9.596394195556641,0.44921585083007814
49469,2.681224365234375,10.699600067138672,0.4763095092773438
49536,1.30528564453125,10.287656707763672,-1.1165281677246095
49602,3.89190673828125,12.297078094482423,5.284610595703125
49669,-1.2856764221191408,10.434201965332031,0.4923262023925781
49736,5.758974151611328,8.211174774169923,1.9844233703613283
49802,2.935096435546875,6.884184265136719,-0.7396119689941406
49869,-1.1897259521484376,10.336604919433594,-0.08816665649414063
49935,1.3500425720214844,6.2016036987304695,-1.0499166870117187
50002,2.1704864501953125,9.334438934326172,-1.7323475646972657
50069,3.423680419921875,10.21041732788086,-1.9187100219726563
50136,2.555186462402344,10.280022583007813,-2.8394453430175783
50202,-2.6732908630371095,10.939700775146484,3.1579829406738282
50269,1.9281404113769531,3.988905029296875,1.3013937377929687
50336,-0.6740483093261719,13.309123535156251,1.3736933898925783
50402,0.9607022094726563,7.4678205871582035,1.3073812866210939
50469,4.677922210693359,8.909622344970703,0.23246658325195313
50536,2.734663238525391,7.959697723388672,0.1537303161621094
50602,2.545756072998047,9.369166717529298,0.48035110473632814
50669,2.877765655517578,10.188712463378907,0.28231292724609375
50736,1.6825012207031251,10.656040649414063,-1.1861334228515625
50802,3.1930101013183596,13.138478393554688,4.115541687011719
50869,-0.9180409240722657,8.363707580566407,2.635569305419922
50936,2.6587710571289063,11.051218872070313,1.1045530700683595
51002,3.437002716064453,6.911726989746094,0.40969802856445314
51069,-0.5501060485839844,10.08108627319336,-0.2347119140625
51136,1.2868739318847657,6.733148345947266,-0.8211923217773438
51202,1.5082635498046877,8.665779418945313,-1.2338841247558594
51269,3.174149322509766,9.850865020751954,-1.7938696289062501
51336,4.094585266113281,10.243199157714844,-2.518363037109375
51402,2.667752380371094,17.757423248291015,2.7957362365722656
51469,-1.4055770874023439,6.046825561523438,0.6442602539062501
51536,1.8122813415527346,7.600744171142579,3.2181578063964844
51602,-0.7984396362304688,10.171947326660156,0.5647755432128907
51669,3.4384996032714845,7.727380828857422,1.370849304199219
51736,2.9160859680175784,8.736582183837891,-0.2245330810546875
51802,2.254910888671875,8.766070861816406,0.2165995788574219
51869,3.089425506591797,8.85872817993164,0.4219725036621094
51936,4.236939239501953,10.648107147216798,1.07296875
52002,1.1297007751464845,10.64152084350586,-1.2049942016601562
52069,3.0488598632812502,12.865446166992188,4.669988708496094
52136,-0.54366943359375,7.733817443847657,3.4084121704101564
52202,1.9223025512695313,11.26946502685547,1.0533595275878906
52269,3.359913024902344,7.625293121337891,0.4412823486328125
52336,-0.5587879943847657,9.44356201171875,-0.43544448852539064
52402,1.558858337402344,7.00348617553711,-0.5411247253417969
52469,2.165247344970703,8.78208755493164,-1.6820521545410156
52536,3.4519715881347657,9.143436126708984,-2.213147735595703
52602,3.363804931640625,11.510613555908204,-2.755020904541016
52669,3.416495361328125,17.178277587890626,2.031874694824219
52736,-1.5868501281738283,5.5271063232421875,0.29788055419921877
52802,2.30161376953125,7.029532012939454,3.2275881958007813
52869,-1.0735675048828126,9.852212219238282,-0.48289581298828127
52936,3.456611938476563,7.894134063720704,1.542093200683594
53002,3.0347891235351563,8.540040893554687,0.5492079162597656
53069,1.7513580322265625,8.389903106689454,0.5267546081542969
53136,2.245929565429688,10.579400024414063,0.6078858947753907
53203,3.6241136169433594,10.294392700195313,0.17214202880859375
53269,1.0397378540039064,12.329859924316407,1.585353240966797
53336,3.46080322265625,9.061556396484375,5.581892395019532
53402,-0.63468017578125,12.007280731201172,0.19968475341796876
53469,5.360802154541016,8.328231353759765,0.6331832885742188
53536,0.5075944519042969,8.394842834472657,-0.37736526489257816
53603,0.08652008056640625,8.599467315673829,0.023950195312500002
53669,1.0270143127441407,7.477550354003907,-1.259630584716797
53736,2.069147186279297,9.463320922851564,-2.1174966430664064
53802,3.82963623046875,11.388168182373047,-1.8079403686523439
53869,2.837948455810547,14.00652328491211,1.20948486328125
53936,-2.894081726074219,8.880433044433595,1.696871337890625
54002,2.0046313476562503,4.913981323242187,0.890947265625
54069,-1.9426602172851564,12.633129272460938,0.17274078369140625
54136,2.8292665100097656,7.534282379150391,1.2666659545898438
54202,4.388424224853516,8.427474975585938,0.35221755981445313
54269,1.1452684020996093,8.316256256103516,0.9303153991699219
54336,2.629432067871094,9.974058837890626,0.8321195983886719
54402,2.5653652954101562,10.261012115478517,0.3757186889648438
54469,3.0892758178710937,10.341993713378907,-0.18157241821289063
54536,2.6041346740722657,12.206965484619142,4.731660461425782
54602,-1.593885498046875,8.97847915649414,1.611698455810547
54669,1.8241067504882813,10.149643707275391,1.2545411682128906
54736,2.8033703613281253,6.7264123535156255,0.6578819274902344
54802,-0.93645263671875,9.66584976196289,-0.08053253173828126
54868,0.5703140258789062,7.298672332763672,-0.9032217407226563
54935,1.8079403686523439,8.798703002929688,-1.22385498046875
55002,3.0801448059082035,9.705816650390625,-1.7574952697753907
55069,3.067720642089844,11.400292968750001,-3.2958462524414065
55136,2.6409580993652346,18.261125793457033,1.9443067932128908
55202,-0.8574169921875,5.696404266357423,0.4746629333496094
55269,2.580633544921875,7.743846588134766,2.6129663085937502
55336,-1.8550923156738282,10.164612579345704,0.9654922485351562
55403,3.1392718505859376,8.58225311279297,1.6610957336425782
55469,3.830384674072266,8.153694305419922,0.08891510009765625
55536,1.7444723510742188,8.733738098144531,0.02125579833984375
55602,2.8217820739746093,9.705217895507813,0.6186634826660157
55669,3.3413516235351564,10.20368133544922,0.28635452270507816
55736,1.0030641174316406,11.820169830322266,-0.44068359375000005
55803,3.3843122863769532,9.917476501464844,5.840704193115235
55869,-1.6375946044921876,12.54271728515625,0.3189866638183594
55936,5.084476776123047,7.2881941223144535,0.40386016845703127
56003,1.680106201171875,6.922205200195313,0.14474899291992188
56069,-0.1359173583984375,10.73103469848633,0.458646240234375
56136,1.6310083007812501,7.081174621582032,-1.2695100402832031
56202,2.5333319091796875,9.249864807128906,-1.785337371826172
56269,2.8231292724609376,10.244246978759767,-1.5643968200683596
56336,4.446353759765625,13.997691650390626,2.947071533203125
56402,-1.9197578430175781,6.334227905273438,1.3750405883789063
56469,2.0998333740234374,5.489684143066406,2.681523742675781
56536,-0.053887939453125006,11.526480560302735,0.5066963195800781
56602,2.7388545227050782,6.972799987792969,1.9053877258300782
56669,2.1739292907714844,9.1058642578125,1.0147398376464845
56736,2.539768524169922,8.945547637939454,2.006876678466797
56802,2.2616468811035157,9.742939453125,1.2470567321777344
56869,3.2949481201171875,9.773775329589844,0.488583984375
56936,4.1727227783203125,8.705297241210937,0.45744873046875
57002,3.1022987365722656,13.907129974365235,4.9144303894042976
57069,-1.6179853820800782,9.568252716064453,2.841540985107422
57136,1.8474581909179688,11.131002960205079,1.6389418029785157
57202,4.576582946777344,6.970854034423828,0.5598358154296875
57269,0.07110214233398438,10.41878402709961,-0.20657043457031252
57336,1.3910572814941407,6.742578735351563,-0.8024812316894532
57402,0.9949809265136719,8.16507064819336,-0.6860234069824219
57469,1.7657281494140626,9.740843811035157,-1.4075230407714845
57536,2.659369812011719,12.283456420898439,-2.7955865478515625
57604,4.2661285400390625,15.830480346679689,1.5667918395996094
57669,-2.249671783447266,8.105793914794923,1.6293617248535157
57736,2.618055725097656,4.731061706542969,2.9846434020996093
57802,-2.522704010009766,13.244607696533203,-0.14998809814453126
57869,3.2898587036132816,7.372019805908203,2.0844154357910156
57936,2.8472291564941408,9.213789825439454,0.07978408813476563
58002,1.542242889404297,9.583820343017578,0.7575746154785157
58069,2.7524761962890625,8.956175537109376,0.29653335571289063
58136,3.293900299072266,9.295220489501954,1.1180250549316406
58202,2.9139903259277347,9.4986474609375,0.004041595458984375
58269,0.945883026123047,12.260254669189454,3.7917649841308596
58336,-0.45580215454101564,11.475736083984376,5.487887878417969
58402,-3.9237904357910156,13.229489135742188,0.09026229858398438
58469,5.027744750976563,7.475604400634766,1.16158447265625
58536,0.29309051513671874,8.57656494140625,-0.7071295166015625
58602,-0.37931121826171876,7.507338409423829,-0.16675323486328125
58669,3.4384996032714845,9.134454803466797,-0.17588424682617188
58736,2.5441094970703126,8.909622344970703,-1.4434483337402344
58802,3.2084280395507814,10.544821929931642,-0.7659571838378907
58869,3.023562469482422,9.813891906738283,-2.401007080078125
58936,-3.0123358154296875,16.424295501708986,4.056115264892578
59002,1.841470642089844,7.424859924316407,2.430795135498047
59069,-0.7834707641601563,9.51735855102539,2.8337571716308596
59136,1.3283377075195313,9.234895935058594,3.815116424560547
59202,2.418520660400391,8.361911315917968,2.7665469360351564
59269,1.6292120361328126,9.575886840820313,2.5008494567871096
59336,3.360960845947266,9.376202087402344,1.7236656188964845
59402,2.938090209960938,9.416468353271485,0.7183561706542969
59469,1.8449134826660156,10.3800146484375,1.0687774658203126
59536,0.8631051635742188,9.254056091308595,0.829874267578125
59602,0.03936813354492188,10.673254852294923,3.553909606933594
59669,1.4733860778808594,10.611583099365236,2.005529479980469
59736,-1.0964698791503906,10.079888763427736,1.465751953125
59802,-0.08996292114257813,8.600814514160156,1.9640657043457033
59869,0.45759841918945315,10.067614288330079,1.3012440490722657
59936,1.2383747863769532,9.145382080078125,-0.41808059692382815
60002,1.520687713623047,9.040450286865235,-1.2844789123535156
60069,-0.17274078369140625,9.003028106689454,-1.6423846435546876
60136,-0.15402969360351562,8.957522735595704,-1.9751426696777346
60202,-0.25731491088867187,9.37171142578125,-2.9322523498535156
60269,-0.670455780029297,9.526938629150392,-2.9858409118652345
60336,-0.3758683776855469,15.80473388671875,2.088606719970703
60402,2.1068687438964844,5.733527069091797,0.9821076965332032
60469,3.2454011535644534,12.283007354736329,3.318000183105469
60536,2.7809170532226566,7.954907684326172,0.97716796875
60602,2.771786041259766,9.288634185791016,0.7932005310058594
60669,4.756209411621094,8.595425720214845,1.8163229370117189
60736,1.9055374145507813,8.991651763916016,1.9293379211425783
60802,2.422562255859375,9.680369567871095,2.0468435668945313
60869,2.7066714477539064,8.949888610839844,1.2844789123535156
60936,3.7817358398437504,9.347461853027344,0.9789642333984375
61002,4.46671142578125,10.66217788696289,0.4447251892089844
61069,2.889441375732422,11.955338745117189,3.5676809692382814
61136,-0.08187973022460938,8.406069488525391,2.515369262695313
61202,0.08232879638671875,11.718082122802734,1.1202703857421876
61269,3.5982174682617187,8.110583953857422,0.531544647216797
61336,-1.2879217529296876,9.726324005126953,-0.03787124633789063
61402,0.8159532165527345,7.5928106689453125,-0.04056564331054688
61469,2.2465283203125,7.972121887207032,-2.4349864196777347
61536,2.7599606323242187,9.025930480957031,-1.6052618408203125
61602,1.5272740173339845,11.293864288330079,-3.6878810119628906
61669,3.0660740661621095,18.547630004882812,1.62142822265625
61736,-0.6481521606445313,7.261399841308594,0.9955796813964845
61802,0.6180647277832032,5.9269248962402346,2.408042449951172
61869,-1.7592915344238282,10.895542602539063,0.08607101440429688
61936,4.799170074462891,6.881190490722656,2.5270449829101564
62002,1.6115487670898438,9.188492431640626,1.1906240844726563
62069,1.2838801574707033,10.23676254272461,0.8655001831054688
62136,2.724484405517578,9.538314971923828,0.5002597045898438
62202,3.2564781188964846,9.260642395019532,0.07903564453125
62269,0.4369413757324219,12.097842407226564,0.18097366333007814
62335,2.6729914855957033,10.582094421386719,4.510420532226563
62402,-3.0793963623046876,10.648107147216798,0.9141490173339845
62469,1.8579364013671875,9.552685089111328,2.3607408142089845
62536,1.5606546020507814,6.677613830566407,0.11690689086914063
62602,-1.653611297607422,9.965376892089845,-0.29054580688476567
62669,2.5521926879882812,7.007078704833985,-0.44726989746093754
62736,3.0563442993164065,8.808283081054688,-1.4675482177734376
62802,1.7521064758300782,9.733509063720703,-2.228715362548828
62869,2.113604736328125,14.237792358398439,0.8791218566894532
62936,-1.69806884765625,7.252418518066406,1.355431365966797
63002,1.3117222595214844,6.508465576171876,2.1641995239257814
63069,-1.3162129211425782,12.855267333984376,1.841470642089844
63136,1.2025991821289064,7.654632110595704,3.114124145507813
63203,3.446283416748047,9.646240539550782,1.7932708740234375
63269,2.0591180419921877,8.475824432373047,1.1599378967285157
63336,2.883603515625,7.95430892944336,0.4436773681640625
63402,3.591182098388672,10.237510986328125,0.6679110717773438
63469,2.168989562988281,10.437195739746095,-1.0364447021484375
63536,2.7994784545898437,12.589120788574219,2.3569985961914064
63602,-0.21824615478515627,8.476722564697265,4.930297393798829
63669,1.324146423339844,11.980187072753907,1.1479627990722656
63736,1.809437255859375,7.876620483398438,0.37437149047851564
63802,-1.1780502319335937,8.92039993286133,-1.0350975036621095
63869,2.526595916748047,5.5447695922851565,-0.708776092529297
63936,1.9462527465820314,9.332942047119142,-2.5809329223632815
64002,1.7461189270019533,9.80281494140625,-2.4685166931152347
64069,2.9294082641601564,12.145293731689454,-3.801943817138672
64136,-1.875000915527344,13.431119842529297,3.473975830078125
64202,1.6455281066894532,3.6802468872070313,0.29114456176757814
64269,2.331401824951172,11.593092041015625,2.397264862060547
64336,-0.425115966796875,7.1790710449218755,0.39248382568359375
64402,4.1640408325195315,8.631351013183593,1.1265573120117187
64469,2.198478240966797,8.208031311035157,0.5164260864257812
64536,1.655108184814453,9.603728942871093,0.4608915710449219
64602,2.960094451904297,10.475665740966797,0.5219645690917969
64669,1.599723358154297,11.625424804687501,0.5995033264160157
64736,3.326981506347656,11.122770080566406,4.1041653442382815
64802,-1.4575190734863281,11.365864562988282,0.1818717956542969
64869,4.783752136230469,9.620494079589845,1.2307406616210939
64936,1.028511199951172,6.512357482910157,-0.12034973144531251
65002,-0.4363426208496094,8.264913024902345,0.132923583984375
65069,0.7442523193359375,7.156917114257813,-0.6099815368652344
65136,2.495460662841797,9.478140106201172,-1.0135423278808595
65202,2.5837770080566407,11.079210662841797,-1.150806884765625
65269,3.708538055419922,10.734028472900391,-0.9274713134765625
65336,-3.5907330322265625,9.894125061035156,1.9782861328125
65402,1.5262261962890626,6.6488735961914065,1.7943186950683594
65469,-3.4955310058593754,11.674522705078125,1.2901670837402344
65536,4.229454803466797,7.2283186340332035,2.774330749511719
65602,3.6542010498046875,8.2915576171875,-0.25956024169921876
65669,2.5703050231933595,8.46923812866211,0.9485774230957031
65736,1.9907102966308594,10.512339477539063,0.05119354248046875
65802,4.4315345764160154,9.261390838623047,-0.21644989013671875
65869,0.2185455322265625,14.21818313598633,1.9353254699707032
65936,0.590372314453125,7.904163208007813,4.194577331542969
66002,0.264649658203125,13.206437072753907,1.0289602661132813
66069,3.63324462890625,7.430398406982422,0.21016296386718752
66136,-1.034498748779297,7.492369537353516,-1.0388397216796876
66202,1.74357421875,7.131020965576172,-0.0724493408203125
66269,2.7954368591308594,8.410560150146484,-1.6343014526367188
66336,2.19144287109375,10.926378479003906,-2.348466339111328
66402,3.650758209228516,11.265423431396485,-3.739972686767578
66469,1.4543756103515626,17.859960021972658,2.931354217529297
66536,-0.4727169799804688,6.163133697509766,1.2973521423339844
66602,0.7694000244140625,6.071075134277344,1.1779005432128906
66669,-0.197589111328125,9.484576721191408,0.9735754394531251
66736,4.9687673950195315,7.766000518798829,1.6060102844238282
66802,2.3944207763671876,7.795938262939454,0.29758117675781254
66869,2.1224363708496097,10.128088531494141,0.5866300964355469
66936,2.492017822265625,10.720257110595703,0.08711883544921875
67002,3.8082307434082034,10.57446029663086,-1.0121951293945313
67069,3.3353640747070314,10.639874267578126,4.270469512939453
67135,-1.1066487121582032,11.097173309326173,0.7131170654296876
67202,3.5513648986816406,10.3416943359375,1.2386741638183594
67269,2.998414764404297,6.9695068359375005,-0.24010070800781252
67336,-1.2915142822265626,10.160421295166016,0.17573455810546876
67402,0.9502239990234376,6.319408721923828,-0.96998291015625
67469,1.9203565979003907,9.170380096435547,-1.4711407470703126
67536,3.0373338317871097,11.030112762451173,-1.134041748046875
67602,3.0261071777343753,9.669442291259767,-3.5260675048828127
67669,0.7596702575683594,17.143250427246095,3.752696228027344
67736,0.889749755859375,4.7852490234375,0.4727169799804688
67802,-0.36793487548828124,12.67489242553711,1.4566209411621094
67869,0.6815327453613281,7.428602142333985,0.9144483947753906
67936,4.876858520507812,8.478219451904298,1.2024494934082033
68002,2.4544459533691407,7.901319122314454,0.33784744262695315
68069,2.306104431152344,9.763596496582032,0.38125717163085937
68136,2.1909938049316406,10.847642211914064,-0.08592132568359376
68202,2.1710852050781253,12.563074951171876,-0.33664993286132816
68269,2.033521270751953,10.814261627197267,5.853577423095704
68336,-1.1103909301757813,10.092612304687501,-0.04176315307617188
68402,6.3653631591796875,8.185128936767578,1.3045372009277345
68469,0.22288650512695313,8.01328628540039,-0.46837600708007815
68536,0.03143463134765625,9.301657104492188,-0.2333647155761719
68602,1.2618759155273438,6.927444305419923,-0.8815168762207032
68669,1.7158818054199219,9.67587890625,-1.4214440917968751
68735,1.8247055053710939,11.653117218017579,-1.7982106018066406
68802,3.1582823181152344,9.512418823242188,-2.5656646728515624
68869,1.0509645080566408,15.716866607666017,3.9484890747070316
68936,2.848726043701172,5.512287139892578,1.3930032348632813
69002,-1.5531701660156252,11.052117004394532,0.010627899169921875
69069,-0.03203338623046875,7.738158416748047,1.0237211608886718
69136,4.203558654785157,9.231004028320314,0.6845265197753907
69202,1.2002041625976563,8.091723175048829,0.7779322814941406
69269,1.8158738708496094,9.937983856201173,0.6409671020507813
69336,3.3319212341308595,8.983269195556641,0.85502197265625
69402,0.87418212890625,10.429411926269532,-0.5225633239746094
69469,2.2385948181152346,12.471615142822266,3.860322418212891
69536,-2.0478913879394534,9.599537658691407,4.376898193359375
69602,-0.35895355224609377,14.69583984375,1.7392332458496094
69669,2.0866607666015624,8.446934509277344,0.8385562133789063
69736,-1.5868501281738283,7.611072692871094,0.04580474853515625
69802,0.9671388244628907,7.940537567138672,-0.009430389404296876
69869,1.5790663146972657,8.55261474609375,-1.2195140075683595
69935,1.5401472473144533,9.399703216552735,-2.2673350524902345
70002,2.428849182128906,10.599158935546875,-3.173999633789063
70069,1.1849359130859376,13.71238494873047,1.392404479980469
70136,-2.6851162719726562,5.367388458251954,3.216660919189453
70202,-0.5114863586425782,6.115682373046876,0.4746629333496094
70269,1.1755055236816407,12.397818603515626,1.3949491882324219
70336,2.8289671325683594,7.569608917236328,1.4639556884765625
70402,3.815864868164063,8.63209945678711,0.0059875488281250005
70469,3.7184175109863284,8.294701080322266,-0.025147705078125002
70536,2.3978636169433596,9.20361099243164,-0.113763427734375
70602,1.6006214904785157,11.581116943359376,0.26539810180664064
70669,2.4004083251953126,11.135194244384767,-1.4944921875000001
70736,4.187392272949219,10.885513458251953,5.627697143554688
70802,-2.2528152465820312,9.559720458984376,0.6563850402832031
70869,3.3412019348144533,9.035959625244141,1.0322534179687501
70936,2.5477020263671877,6.838379516601563,-0.6104306030273438
71002,-0.5957611083984375,9.692494354248048,-0.2805166625976563
71069,1.885928192138672,6.95079574584961,-1.1587403869628907
71136,1.9055374145507813,7.93035873413086,-0.8503816223144531
71202,2.149230651855469,9.613009643554689,-1.3959970092773437
71269,4.463268585205078,11.068882141113281,-3.310066680908203
71336,0.06182144165039063,14.578783264160156,3.5738182067871094
71402,-2.9319529724121094,7.610174560546875,3.6441719055175783
71469,0.9056167602539062,7.814200286865235,1.8371296691894532
71536,-0.7360194396972657,11.22590560913086,1.0050100708007812
71602,2.3376887512207034,7.777526550292969,2.844385070800781
71669,2.1986279296875,8.82040786743164,1.4793736267089845
71736,1.6158897399902346,9.359436950683595,1.1240126037597657
71802,2.528092803955078,10.022707672119141,1.2187655639648438
71869,1.8015037536621095,10.73642349243164,0.7210505676269532
71936,1.1255094909667969,9.290879516601564,0.20372634887695312
72002,-1.829794921875,9.350305938720703,3.5807038879394533
72069,2.872676239013672,11.949949951171876,4.066144409179688
72136,-1.8027012634277344,10.707383880615234,2.9352461242675782
72202,-1.1798464965820312,10.282716979980469,2.484533386230469
72269,-0.4171824645996094,9.754914550781251,2.356250152587891
72336,-1.0996133422851564,8.039930877685547,1.4492861938476562
72402,1.0642868041992188,7.714507598876954,-0.00987945556640625
72469,1.18074462890625,8.142168273925781,-0.7107220458984376
72536,-0.0053887939453125,9.840536499023438,-1.8892213439941408
72602,-0.6432124328613281,9.715696105957031,-2.6204507446289065
72669,-1.328038330078125,11.74846893310547,-3.5140924072265625
72736,-0.30147308349609375,12.729828186035157,2.545756072998047
72802,2.77582763671875,8.092920684814453,1.706301727294922
72869,0.32332763671875003,11.037447509765625,1.8276992797851563
72936,3.600612487792969,7.73636215209961,1.411864013671875
73002,3.4117053222656253,8.88597152709961,0.8752299499511719
73069,1.6241226196289062,9.247769165039063,0.8204438781738281
73136,1.7995578002929689,8.616082763671875,0.34503250122070317
73202,3.3882041931152345,10.107730865478516,0.6825805664062501
73269,2.6050328063964847,11.277248840332032,-0.027542724609375003
73336,0.2836601257324219,12.312945098876954,0.9340576171875
73402,4.571493530273438,8.637787628173829,6.16522933959961
73469,-0.12184661865234375,11.812835083007814,0.8617579650878907
73536,5.143005065917969,8.148155822753907,0.8409512329101563
73602,0.8385562133789063,7.92990966796875,0.1537303161621094
73669,0.5453160095214844,7.3040611267089846,0.5493576049804688
73736,1.0455757141113282,8.871451721191407,-1.0880873107910156
73802,2.2195843505859374,8.732540588378907,-1.3968951416015625
73869,3.5137930297851563,10.486593017578125,-1.96631103515625
73936,4.315974884033204,9.824070739746094,-1.2370275878906252
74002,-2.064357147216797,11.399095458984375,1.986369323730469
74069,2.2998175048828124,4.68031723022461,2.408042449951172
74136,-1.0888357543945313,11.503129119873048,2.2924827575683593
74202,2.3766078186035156,9.73186248779297,1.184486846923828
74269,2.778372344970703,6.776707763671875,0.5152285766601563
74335,2.6800268554687503,8.611891479492188,1.3054353332519533
74402,1.6371455383300781,9.48622329711914,1.3361215209960937
74469,3.6348912048339845,9.746082916259766,1.5892451477050782
74536,3.8949005126953127,8.744964752197266,0.276624755859375
74602,2.781515808105469,13.847703552246095,5.073549499511719
74669,-3.682043151855469,10.174042968750001,6.404282226562501
74736,-3.1891181945800784,12.27342727661133,2.7078689575195316
74802,3.6283049011230473,8.736582183837891,0.271834716796875
74869,2.1882994079589846,8.922645263671875,0.7191046142578126
74936,-0.6462062072753907,8.377029876708985,1.2983999633789063
75002,-0.143701171875,7.436385955810548,0.9605525207519532
75069,0.7307803344726563,7.577542419433594,0.18591339111328126
75136,3.925586700439453,14.126124572753907,3.543281707763672
75202,0.9214837646484375,4.205803985595703,0.7153623962402345
75269,-1.3808784484863281,13.56583969116211,1.776954803466797
75336,3.827091522216797,7.755372619628907,0.5634283447265626
75402,1.6196319580078127,8.304879913330078,0.7485932922363282
75469,-0.2728825378417969,10.397977294921876,2.0504360961914063
75536,1.8167720031738281,9.042695617675781,1.2516970825195313
75602,1.6819024658203126,9.927206268310547,0.926722869873047
75669,0.7367678833007812,9.523944854736328,1.2031979370117187
75736,1.5488291931152345,9.741143188476563,1.3657598876953125
75802,1.2175680541992189,9.571246490478517,1.2241543579101564
75869,1.2647200012207032,9.721983032226563,1.2822335815429688
75936,1.4001882934570313,9.538015594482422,1.409319305419922
76002,1.3051359558105469,9.605525207519532,1.3936019897460938
76069,1.2840298461914064,9.701026611328125,1.2374766540527344
76136,1.4813195800781251,9.537716217041016,1.3843212890625
76202,1.2036470031738282,9.679920501708985,1.310973815917969
76269,1.3046868896484376,9.663305053710937,1.3262420654296876
76336,1.3468991088867188,9.55897201538086,1.2502001953125002
76402,1.3356724548339844,9.623038787841798,1.2522958374023438
76469,1.3781840515136718,9.659712524414063,1.3266911315917969
76536,1.3744418334960937,9.639654235839844,1.244362335205078
76602,1.325792999267578,9.63037353515625,1.3127700805664062
76669,1.2840298461914064,9.610914001464844,1.2018507385253907
76736,1.3015434265136718,9.648785247802735,1.3151651000976563
76802,1.2781919860839845,9.632169799804688,1.265618133544922
76869,1.2725038146972656,9.641749877929689,1.2937596130371094
76936,1.2425660705566406,9.630074157714844,1.2353810119628907
77002,1.2937596130371094,9.65282684326172,1.2599299621582032
77069,1.2674143981933594,9.619446258544922,1.2132270812988282
77136,1.2876223754882814,9.668244781494142,1.208287353515625
77202,1.217867431640625,9.648036804199219,1.2243040466308595
77269,1.2690609741210939,9.65147964477539,1.1804452514648438
77336,1.3108241271972656,9.648336181640625,1.2002041625976563
77402,1.2841795349121095,9.621841278076172,1.112486572265625
77469,1.2804373168945313,9.655072174072266,1.1127859497070314
77536,1.3106744384765625,9.692793731689454,1.1126362609863283
77602,1.2281959533691407,9.681866455078126,1.1156300354003907
77669,1.2551399230957032,9.629774780273438,1.1642788696289064
77736,1.1799961853027345,9.65327590942383,1.09931396484375
77802,1.1624826049804688,9.701775054931641,1.1358380126953125
77869,1.2882211303710938,9.679471435546876,1.0984158325195312
77936,1.5708334350585937,9.653874664306642,1.1488609313964844
78002,1.2277468872070314,9.77302688598633,1.0786569213867188
78069,1.0699749755859376,9.667346649169922,1.2910652160644531
78136,0.9481283569335938,9.61211151123047,1.1020083618164063
78202,0.7463479614257813,9.317823486328125,1.4409036254882812
78269,1.3238470458984375,9.794582061767578,1.2641212463378906
78336,1.4891033935546876,10.517578582763672,1.2732522583007813
78402,1.1368858337402343,9.419911193847657,0.6474037170410156
78469,1.5825091552734376,10.357261962890625,-0.13606704711914064
78536,1.580563201904297,9.653425598144532,1.2487033081054688
78602,1.2883708190917968,9.05167694091797,-2.0040325927734375
78669,1.2280462646484376,9.650731201171876,0.76880126953125
78736,1.2052935791015627,9.43922103881836,0.07394622802734375
78802,1.5449372863769533,9.76299774169922,0.10343490600585938
78869,1.6443305969238282,9.834548950195312,0.0
78936,1.5570620727539064,9.393865356445312,-0.5947132873535157
79002,1.6346008300781252,9.955048370361329,0.2513273620605469
79069,0.961450653076172,10.657986602783204,0.33260833740234375
79136,0.6474037170410156,10.053693237304689,-1.141077117919922
79202,1.1081455993652345,13.548475799560547,-0.5394781494140626
79269,0.7225474548339844,11.357182617187501,1.2263996887207032
79336,-1.6959732055664063,5.769302673339844,3.216211853027344
79402,-0.8999285888671875,12.920232238769533,4.633015594482422
79469,-0.37092864990234375,13.441897430419923,5.7365208435058594
79536,-1.3133688354492188,6.636449432373047,5.589825897216797
79602,-0.20028350830078126,3.9149588012695316,6.054759063720703
79669,-1.555415496826172,5.308860168457032,4.539310455322266
79736,-1.5349081420898438,3.0359866333007814,7.735014953613281
79802,-1.114731903076172,2.7057733154296875,7.550299072265625
79869,-0.45804748535156253,2.018702087402344,9.458680572509767
79935,-2.451152801513672,1.847607879638672,10.469528503417969
80002,-2.2017713928222657,2.554138641357422,8.784332885742188
80069,-2.113005981445313,3.023712158203125,8.527017974853516
80136,-2.3848406982421877,2.738255767822266,9.06320297241211
80202,-2.8348049926757812,2.688259735107422,8.986412658691407
